[2026-05-10T23:10:13.645+0800][gc,heap] Heap region size: 1M
[2026-05-10T23:10:13.650+0800][gc     ] Using G1
[2026-05-10T23:10:13.650+0800][gc,heap,coops] Heap address: 0x00000000e0000000, size: 512 MB, Compressed Oops mode: 32-bit
[2026-05-10T23:10:14.155+0800][gc,start     ] GC(0) Pause Young (Concurrent Start) (Metadata GC Threshold)
[2026-05-10T23:10:14.156+0800][gc,task      ] GC(0) Using 10 workers of 10 for evacuation
[2026-05-10T23:10:14.160+0800][gc,phases    ] GC(0)   Pre Evacuate Collection Set: 0.0ms
[2026-05-10T23:10:14.160+0800][gc,phases    ] GC(0)   Evacuate Collection Set: 3.4ms
[2026-05-10T23:10:14.160+0800][gc,phases    ] GC(0)   Post Evacuate Collection Set: 0.3ms
[2026-05-10T23:10:14.160+0800][gc,phases    ] GC(0)   Other: 0.8ms
[2026-05-10T23:10:14.160+0800][gc,heap      ] GC(0) Eden regions: 180->0(248)
[2026-05-10T23:10:14.160+0800][gc,heap      ] GC(0) Survivor regions: 0->8(32)
[2026-05-10T23:10:14.160+0800][gc,heap      ] GC(0) Old regions: 0->0
[2026-05-10T23:10:14.160+0800][gc,heap      ] GC(0) Humongous regions: 0->0
[2026-05-10T23:10:14.160+0800][gc,metaspace ] GC(0) Metaspace: 20850K(21296K)->20850K(21296K) NonClass: 18572K(18864K)->18572K(18864K) Class: 2278K(2432K)->2278K(2432K)
[2026-05-10T23:10:14.160+0800][gc           ] GC(0) Pause Young (Concurrent Start) (Metadata GC Threshold) 179M->7M(512M) 4.558ms
[2026-05-10T23:10:14.160+0800][gc,cpu       ] GC(0) User=0.02s Sys=0.01s Real=0.00s
[2026-05-10T23:10:14.160+0800][gc           ] GC(1) Concurrent Cycle
[2026-05-10T23:10:14.160+0800][gc,marking   ] GC(1) Concurrent Clear Claimed Marks
[2026-05-10T23:10:14.160+0800][gc,marking   ] GC(1) Concurrent Clear Claimed Marks 0.008ms
[2026-05-10T23:10:14.160+0800][gc,marking   ] GC(1) Concurrent Scan Root Regions
[2026-05-10T23:10:14.161+0800][gc,marking   ] GC(1) Concurrent Scan Root Regions 1.085ms
[2026-05-10T23:10:14.161+0800][gc,marking   ] GC(1) Concurrent Mark (0.518s)
[2026-05-10T23:10:14.161+0800][gc,marking   ] GC(1) Concurrent Mark From Roots
[2026-05-10T23:10:14.161+0800][gc,task      ] GC(1) Using 3 workers of 3 for marking
[2026-05-10T23:10:14.162+0800][gc,marking   ] GC(1) Concurrent Mark From Roots 0.429ms
[2026-05-10T23:10:14.162+0800][gc,marking   ] GC(1) Concurrent Preclean
[2026-05-10T23:10:14.162+0800][gc,marking   ] GC(1) Concurrent Preclean 0.099ms
[2026-05-10T23:10:14.162+0800][gc,marking   ] GC(1) Concurrent Mark (0.518s, 0.519s) 0.546ms
[2026-05-10T23:10:14.162+0800][gc,start     ] GC(1) Pause Remark
[2026-05-10T23:10:14.164+0800][gc,stringtable] GC(1) Cleaned string and symbol table, strings: 9822 processed, 0 removed, symbols: 68035 processed, 60 removed
[2026-05-10T23:10:14.164+0800][gc            ] GC(1) Pause Remark 8M->8M(512M) 2.434ms
[2026-05-10T23:10:14.164+0800][gc,cpu        ] GC(1) User=0.03s Sys=0.00s Real=0.01s
[2026-05-10T23:10:14.164+0800][gc,marking    ] GC(1) Concurrent Rebuild Remembered Sets
[2026-05-10T23:10:14.164+0800][gc,marking    ] GC(1) Concurrent Rebuild Remembered Sets 0.027ms
[2026-05-10T23:10:14.164+0800][gc,start      ] GC(1) Pause Cleanup
[2026-05-10T23:10:14.164+0800][gc            ] GC(1) Pause Cleanup 8M->8M(512M) 0.059ms
[2026-05-10T23:10:14.164+0800][gc,cpu        ] GC(1) User=0.00s Sys=0.00s Real=0.00s
[2026-05-10T23:10:14.164+0800][gc,marking    ] GC(1) Concurrent Cleanup for Next Mark
[2026-05-10T23:10:14.165+0800][gc,marking    ] GC(1) Concurrent Cleanup for Next Mark 1.110ms
[2026-05-10T23:10:14.165+0800][gc            ] GC(1) Concurrent Cycle 5.436ms
[2026-05-10T23:10:14.652+0800][gc,start      ] GC(2) Pause Young (Normal) (G1 Evacuation Pause)
[2026-05-10T23:10:14.652+0800][gc,task       ] GC(2) Using 10 workers of 10 for evacuation
[2026-05-10T23:10:14.660+0800][gc,phases     ] GC(2)   Pre Evacuate Collection Set: 0.0ms
[2026-05-10T23:10:14.660+0800][gc,phases     ] GC(2)   Evacuate Collection Set: 7.7ms
[2026-05-10T23:10:14.660+0800][gc,phases     ] GC(2)   Post Evacuate Collection Set: 0.6ms
[2026-05-10T23:10:14.660+0800][gc,phases     ] GC(2)   Other: 0.1ms
[2026-05-10T23:10:14.660+0800][gc,heap       ] GC(2) Eden regions: 248->0(241)
[2026-05-10T23:10:14.660+0800][gc,heap       ] GC(2) Survivor regions: 8->15(32)
[2026-05-10T23:10:14.660+0800][gc,heap       ] GC(2) Old regions: 0->0
[2026-05-10T23:10:14.660+0800][gc,heap       ] GC(2) Humongous regions: 0->0
[2026-05-10T23:10:14.660+0800][gc,metaspace  ] GC(2) Metaspace: 34708K(35712K)->34708K(35712K) NonClass: 30866K(31488K)->30866K(31488K) Class: 3841K(4224K)->3841K(4224K)
[2026-05-10T23:10:14.660+0800][gc            ] GC(2) Pause Young (Normal) (G1 Evacuation Pause) 255M->14M(512M) 8.443ms
[2026-05-10T23:10:14.660+0800][gc,cpu        ] GC(2) User=0.08s Sys=0.00s Real=0.01s
[2026-05-10T23:10:14.690+0800][gc,start      ] GC(3) Pause Young (Concurrent Start) (Metadata GC Threshold)
[2026-05-10T23:10:14.690+0800][gc,task       ] GC(3) Using 10 workers of 10 for evacuation
[2026-05-10T23:10:14.695+0800][gc,phases     ] GC(3)   Pre Evacuate Collection Set: 0.1ms
[2026-05-10T23:10:14.695+0800][gc,phases     ] GC(3)   Evacuate Collection Set: 4.6ms
[2026-05-10T23:10:14.695+0800][gc,phases     ] GC(3)   Post Evacuate Collection Set: 0.3ms
[2026-05-10T23:10:14.695+0800][gc,phases     ] GC(3)   Other: 0.1ms
[2026-05-10T23:10:14.695+0800][gc,heap       ] GC(3) Eden regions: 17->0(240)
[2026-05-10T23:10:14.695+0800][gc,heap       ] GC(3) Survivor regions: 15->16(32)
[2026-05-10T23:10:14.695+0800][gc,heap       ] GC(3) Old regions: 0->0
[2026-05-10T23:10:14.695+0800][gc,heap       ] GC(3) Humongous regions: 0->0
[2026-05-10T23:10:14.695+0800][gc,metaspace  ] GC(3) Metaspace: 35141K(35968K)->35141K(35968K) NonClass: 31242K(31744K)->31242K(31744K) Class: 3899K(4224K)->3899K(4224K)
[2026-05-10T23:10:14.695+0800][gc            ] GC(3) Pause Young (Concurrent Start) (Metadata GC Threshold) 31M->15M(512M) 5.085ms
[2026-05-10T23:10:14.695+0800][gc,cpu        ] GC(3) User=0.03s Sys=0.00s Real=0.01s
[2026-05-10T23:10:14.695+0800][gc            ] GC(4) Concurrent Cycle
[2026-05-10T23:10:14.695+0800][gc,marking    ] GC(4) Concurrent Clear Claimed Marks
[2026-05-10T23:10:14.695+0800][gc,marking    ] GC(4) Concurrent Clear Claimed Marks 0.012ms
[2026-05-10T23:10:14.695+0800][gc,marking    ] GC(4) Concurrent Scan Root Regions
[2026-05-10T23:10:14.696+0800][gc,marking    ] GC(4) Concurrent Scan Root Regions 1.548ms
[2026-05-10T23:10:14.696+0800][gc,marking    ] GC(4) Concurrent Mark (1.053s)
[2026-05-10T23:10:14.696+0800][gc,marking    ] GC(4) Concurrent Mark From Roots
[2026-05-10T23:10:14.696+0800][gc,task       ] GC(4) Using 3 workers of 3 for marking
[2026-05-10T23:10:14.696+0800][gc,marking    ] GC(4) Concurrent Mark From Roots 0.136ms
[2026-05-10T23:10:14.696+0800][gc,marking    ] GC(4) Concurrent Preclean
[2026-05-10T23:10:14.697+0800][gc,marking    ] GC(4) Concurrent Preclean 0.077ms
[2026-05-10T23:10:14.697+0800][gc,marking    ] GC(4) Concurrent Mark (1.053s, 1.053s) 0.230ms
[2026-05-10T23:10:14.697+0800][gc,start      ] GC(4) Pause Remark
[2026-05-10T23:10:14.699+0800][gc,stringtable] GC(4) Cleaned string and symbol table, strings: 15402 processed, 0 removed, symbols: 113260 processed, 165 removed
[2026-05-10T23:10:14.699+0800][gc            ] GC(4) Pause Remark 17M->17M(512M) 2.388ms
[2026-05-10T23:10:14.699+0800][gc,cpu        ] GC(4) User=0.02s Sys=0.00s Real=0.00s
[2026-05-10T23:10:14.699+0800][gc,marking    ] GC(4) Concurrent Rebuild Remembered Sets
[2026-05-10T23:10:14.699+0800][gc,marking    ] GC(4) Concurrent Rebuild Remembered Sets 0.021ms
[2026-05-10T23:10:14.699+0800][gc,start      ] GC(4) Pause Cleanup
[2026-05-10T23:10:14.699+0800][gc            ] GC(4) Pause Cleanup 17M->17M(512M) 0.048ms
[2026-05-10T23:10:14.699+0800][gc,cpu        ] GC(4) User=0.00s Sys=0.00s Real=0.00s
[2026-05-10T23:10:14.699+0800][gc,marking    ] GC(4) Concurrent Cleanup for Next Mark
[2026-05-10T23:10:14.700+0800][gc,marking    ] GC(4) Concurrent Cleanup for Next Mark 1.155ms
[2026-05-10T23:10:14.700+0800][gc            ] GC(4) Concurrent Cycle 5.808ms
[2026-05-10T23:10:15.105+0800][gc,start      ] GC(5) Pause Young (Normal) (G1 Evacuation Pause)
[2026-05-10T23:10:15.105+0800][gc,task       ] GC(5) Using 10 workers of 10 for evacuation
[2026-05-10T23:10:15.109+0800][gc,phases     ] GC(5)   Pre Evacuate Collection Set: 0.0ms
[2026-05-10T23:10:15.109+0800][gc,phases     ] GC(5)   Evacuate Collection Set: 4.2ms
[2026-05-10T23:10:15.109+0800][gc,phases     ] GC(5)   Post Evacuate Collection Set: 0.6ms
[2026-05-10T23:10:15.109+0800][gc,phases     ] GC(5)   Other: 0.1ms
[2026-05-10T23:10:15.109+0800][gc,heap       ] GC(5) Eden regions: 240->0(236)
[2026-05-10T23:10:15.109+0800][gc,heap       ] GC(5) Survivor regions: 16->20(32)
[2026-05-10T23:10:15.109+0800][gc,heap       ] GC(5) Old regions: 0->0
[2026-05-10T23:10:15.109+0800][gc,heap       ] GC(5) Humongous regions: 0->0
[2026-05-10T23:10:15.109+0800][gc,metaspace  ] GC(5) Metaspace: 40121K(41344K)->40121K(41344K) NonClass: 35580K(36352K)->35580K(36352K) Class: 4540K(4992K)->4540K(4992K)
[2026-05-10T23:10:15.109+0800][gc            ] GC(5) Pause Young (Normal) (G1 Evacuation Pause) 255M->19M(512M) 4.900ms
[2026-05-10T23:10:15.109+0800][gc,cpu        ] GC(5) User=0.04s Sys=0.00s Real=0.00s
[2026-05-10T23:10:15.869+0800][gc,start      ] GC(6) Pause Young (Normal) (G1 Evacuation Pause)
[2026-05-10T23:10:15.869+0800][gc,task       ] GC(6) Using 10 workers of 10 for evacuation
[2026-05-10T23:10:15.879+0800][gc,phases     ] GC(6)   Pre Evacuate Collection Set: 0.0ms
[2026-05-10T23:10:15.879+0800][gc,phases     ] GC(6)   Evacuate Collection Set: 8.9ms
[2026-05-10T23:10:15.879+0800][gc,phases     ] GC(6)   Post Evacuate Collection Set: 0.8ms
[2026-05-10T23:10:15.879+0800][gc,phases     ] GC(6)   Other: 0.2ms
[2026-05-10T23:10:15.879+0800][gc,heap       ] GC(6) Eden regions: 236->0(232)
[2026-05-10T23:10:15.879+0800][gc,heap       ] GC(6) Survivor regions: 20->24(32)
[2026-05-10T23:10:15.879+0800][gc,heap       ] GC(6) Old regions: 0->8
[2026-05-10T23:10:15.879+0800][gc,heap       ] GC(6) Humongous regions: 0->0
[2026-05-10T23:10:15.879+0800][gc,metaspace  ] GC(6) Metaspace: 53818K(55296K)->53818K(55296K) NonClass: 47698K(48640K)->47698K(48640K) Class: 6120K(6656K)->6120K(6656K)
[2026-05-10T23:10:15.879+0800][gc            ] GC(6) Pause Young (Normal) (G1 Evacuation Pause) 255M->30M(512M) 9.917ms
[2026-05-10T23:10:15.879+0800][gc,cpu        ] GC(6) User=0.09s Sys=0.00s Real=0.01s
[2026-05-10T23:10:17.074+0800][gc,start      ] GC(7) Pause Young (Concurrent Start) (Metadata GC Threshold)
[2026-05-10T23:10:17.074+0800][gc,task       ] GC(7) Using 10 workers of 10 for evacuation
[2026-05-10T23:10:17.081+0800][gc,phases     ] GC(7)   Pre Evacuate Collection Set: 0.1ms
[2026-05-10T23:10:17.081+0800][gc,phases     ] GC(7)   Evacuate Collection Set: 7.0ms
[2026-05-10T23:10:17.081+0800][gc,phases     ] GC(7)   Post Evacuate Collection Set: 0.2ms
[2026-05-10T23:10:17.081+0800][gc,phases     ] GC(7)   Other: 0.1ms
[2026-05-10T23:10:17.081+0800][gc,heap       ] GC(7) Eden regions: 83->0(237)
[2026-05-10T23:10:17.081+0800][gc,heap       ] GC(7) Survivor regions: 24->19(32)
[2026-05-10T23:10:17.081+0800][gc,heap       ] GC(7) Old regions: 8->15
[2026-05-10T23:10:17.081+0800][gc,heap       ] GC(7) Humongous regions: 0->0
[2026-05-10T23:10:17.081+0800][gc,metaspace  ] GC(7) Metaspace: 58934K(60376K)->58934K(60376K) NonClass: 52221K(53208K)->52221K(53208K) Class: 6713K(7168K)->6713K(7168K)
[2026-05-10T23:10:17.081+0800][gc            ] GC(7) Pause Young (Concurrent Start) (Metadata GC Threshold) 113M->33M(512M) 7.505ms
[2026-05-10T23:10:17.081+0800][gc,cpu        ] GC(7) User=0.03s Sys=0.00s Real=0.00s
[2026-05-10T23:10:17.081+0800][gc            ] GC(8) Concurrent Cycle
[2026-05-10T23:10:17.081+0800][gc,marking    ] GC(8) Concurrent Clear Claimed Marks
[2026-05-10T23:10:17.081+0800][gc,marking    ] GC(8) Concurrent Clear Claimed Marks 0.019ms
[2026-05-10T23:10:17.081+0800][gc,marking    ] GC(8) Concurrent Scan Root Regions
[2026-05-10T23:10:17.084+0800][gc,marking    ] GC(8) Concurrent Scan Root Regions 2.092ms
[2026-05-10T23:10:17.084+0800][gc,marking    ] GC(8) Concurrent Mark (3.440s)
[2026-05-10T23:10:17.084+0800][gc,marking    ] GC(8) Concurrent Mark From Roots
[2026-05-10T23:10:17.084+0800][gc,task       ] GC(8) Using 3 workers of 3 for marking
[2026-05-10T23:10:17.089+0800][gc,marking    ] GC(8) Concurrent Mark From Roots 4.952ms
[2026-05-10T23:10:17.089+0800][gc,marking    ] GC(8) Concurrent Preclean
[2026-05-10T23:10:17.089+0800][gc,marking    ] GC(8) Concurrent Preclean 0.087ms
[2026-05-10T23:10:17.089+0800][gc,marking    ] GC(8) Concurrent Mark (3.440s, 3.446s) 5.061ms
[2026-05-10T23:10:17.089+0800][gc,start      ] GC(8) Pause Remark
[2026-05-10T23:10:17.091+0800][gc,stringtable] GC(8) Cleaned string and symbol table, strings: 30544 processed, 20 removed, symbols: 175587 processed, 533 removed
[2026-05-10T23:10:17.091+0800][gc            ] GC(8) Pause Remark 36M->36M(512M) 2.195ms
[2026-05-10T23:10:17.091+0800][gc,cpu        ] GC(8) User=0.02s Sys=0.00s Real=0.00s
[2026-05-10T23:10:17.091+0800][gc,marking    ] GC(8) Concurrent Rebuild Remembered Sets
[2026-05-10T23:10:17.094+0800][gc,marking    ] GC(8) Concurrent Rebuild Remembered Sets 2.672ms
[2026-05-10T23:10:17.094+0800][gc,start      ] GC(8) Pause Cleanup
[2026-05-10T23:10:17.094+0800][gc            ] GC(8) Pause Cleanup 36M->36M(512M) 0.043ms
[2026-05-10T23:10:17.094+0800][gc,cpu        ] GC(8) User=0.00s Sys=0.01s Real=0.00s
[2026-05-10T23:10:17.094+0800][gc,marking    ] GC(8) Concurrent Cleanup for Next Mark
[2026-05-10T23:10:17.094+0800][gc,marking    ] GC(8) Concurrent Cleanup for Next Mark 0.207ms
[2026-05-10T23:10:17.094+0800][gc            ] GC(8) Concurrent Cycle 12.600ms
[2026-05-10T23:10:18.452+0800][gc,start      ] GC(9) Pause Young (Normal) (G1 Evacuation Pause)
[2026-05-10T23:10:18.452+0800][gc,task       ] GC(9) Using 10 workers of 10 for evacuation
[2026-05-10T23:10:18.459+0800][gc,phases     ] GC(9)   Pre Evacuate Collection Set: 0.0ms
[2026-05-10T23:10:18.459+0800][gc,phases     ] GC(9)   Evacuate Collection Set: 6.6ms
[2026-05-10T23:10:18.459+0800][gc,phases     ] GC(9)   Post Evacuate Collection Set: 0.5ms
[2026-05-10T23:10:18.459+0800][gc,phases     ] GC(9)   Other: 0.1ms
[2026-05-10T23:10:18.459+0800][gc,heap       ] GC(9) Eden regions: 237->0(231)
[2026-05-10T23:10:18.459+0800][gc,heap       ] GC(9) Survivor regions: 19->25(32)
[2026-05-10T23:10:18.459+0800][gc,heap       ] GC(9) Old regions: 15->19
[2026-05-10T23:10:18.459+0800][gc,heap       ] GC(9) Humongous regions: 3->0
[2026-05-10T23:10:18.459+0800][gc,metaspace  ] GC(9) Metaspace: 74386K(76504K)->74386K(76504K) NonClass: 65877K(67032K)->65877K(67032K) Class: 8508K(9472K)->8508K(9472K)
[2026-05-10T23:10:18.459+0800][gc            ] GC(9) Pause Young (Normal) (G1 Evacuation Pause) 273M->43M(512M) 7.227ms
[2026-05-10T23:10:18.459+0800][gc,cpu        ] GC(9) User=0.07s Sys=0.00s Real=0.01s
[2026-05-11T00:20:38.485+0800][gc,start      ] GC(10) Pause Young (Normal) (G1 Evacuation Pause)
[2026-05-11T00:20:38.485+0800][gc,task       ] GC(10) Using 10 workers of 10 for evacuation
[2026-05-11T00:20:38.491+0800][gc,phases     ] GC(10)   Pre Evacuate Collection Set: 0.0ms
[2026-05-11T00:20:38.491+0800][gc,phases     ] GC(10)   Evacuate Collection Set: 5.3ms
[2026-05-11T00:20:38.491+0800][gc,phases     ] GC(10)   Post Evacuate Collection Set: 0.5ms
[2026-05-11T00:20:38.491+0800][gc,phases     ] GC(10)   Other: 0.2ms
[2026-05-11T00:20:38.491+0800][gc,heap       ] GC(10) Eden regions: 231->0(238)
[2026-05-11T00:20:38.491+0800][gc,heap       ] GC(10) Survivor regions: 25->18(32)
[2026-05-11T00:20:38.491+0800][gc,heap       ] GC(10) Old regions: 19->29
[2026-05-11T00:20:38.491+0800][gc,heap       ] GC(10) Humongous regions: 4->4
[2026-05-11T00:20:38.491+0800][gc,metaspace  ] GC(10) Metaspace: 82774K(84952K)->82774K(84952K) NonClass: 73573K(74712K)->73573K(74712K) Class: 9201K(10240K)->9201K(10240K)
[2026-05-11T00:20:38.491+0800][gc            ] GC(10) Pause Young (Normal) (G1 Evacuation Pause) 278M->50M(512M) 5.991ms
[2026-05-11T00:20:38.491+0800][gc,cpu        ] GC(10) User=0.05s Sys=0.00s Real=0.00s
[2026-05-11T02:35:38.730+0800][gc,start      ] GC(11) Pause Young (Normal) (G1 Evacuation Pause)
[2026-05-11T02:35:38.730+0800][gc,task       ] GC(11) Using 10 workers of 10 for evacuation
[2026-05-11T02:35:38.733+0800][gc,phases     ] GC(11)   Pre Evacuate Collection Set: 0.0ms
[2026-05-11T02:35:38.733+0800][gc,phases     ] GC(11)   Evacuate Collection Set: 2.9ms
[2026-05-11T02:35:38.733+0800][gc,phases     ] GC(11)   Post Evacuate Collection Set: 0.4ms
[2026-05-11T02:35:38.733+0800][gc,phases     ] GC(11)   Other: 0.1ms
[2026-05-11T02:35:38.733+0800][gc,heap       ] GC(11) Eden regions: 238->0(240)
[2026-05-11T02:35:38.734+0800][gc,heap       ] GC(11) Survivor regions: 18->16(32)
[2026-05-11T02:35:38.734+0800][gc,heap       ] GC(11) Old regions: 29->29
[2026-05-11T02:35:38.734+0800][gc,heap       ] GC(11) Humongous regions: 4->4
[2026-05-11T02:35:38.734+0800][gc,metaspace  ] GC(11) Metaspace: 83016K(85336K)->83016K(85336K) NonClass: 73811K(74968K)->73811K(74968K) Class: 9205K(10368K)->9205K(10368K)
[2026-05-11T02:35:38.734+0800][gc            ] GC(11) Pause Young (Normal) (G1 Evacuation Pause) 288M->48M(512M) 3.533ms
[2026-05-11T02:35:38.734+0800][gc,cpu        ] GC(11) User=0.03s Sys=0.00s Real=0.01s
[2026-05-11T05:02:26.231+0800][gc,start      ] GC(12) Pause Young (Normal) (G1 Evacuation Pause)
[2026-05-11T05:02:26.232+0800][gc,task       ] GC(12) Using 10 workers of 10 for evacuation
[2026-05-11T05:02:26.235+0800][gc,phases     ] GC(12)   Pre Evacuate Collection Set: 0.0ms
[2026-05-11T05:02:26.235+0800][gc,phases     ] GC(12)   Evacuate Collection Set: 3.1ms
[2026-05-11T05:02:26.235+0800][gc,phases     ] GC(12)   Post Evacuate Collection Set: 0.4ms
[2026-05-11T05:02:26.235+0800][gc,phases     ] GC(12)   Other: 0.2ms
[2026-05-11T05:02:26.235+0800][gc,heap       ] GC(12) Eden regions: 240->0(239)
[2026-05-11T05:02:26.235+0800][gc,heap       ] GC(12) Survivor regions: 16->17(32)
[2026-05-11T05:02:26.235+0800][gc,heap       ] GC(12) Old regions: 29->29
[2026-05-11T05:02:26.235+0800][gc,heap       ] GC(12) Humongous regions: 4->4
[2026-05-11T05:02:26.235+0800][gc,metaspace  ] GC(12) Metaspace: 83077K(85592K)->83077K(85592K) NonClass: 73872K(75224K)->73872K(75224K) Class: 9205K(10368K)->9205K(10368K)
[2026-05-11T05:02:26.235+0800][gc            ] GC(12) Pause Young (Normal) (G1 Evacuation Pause) 288M->48M(512M) 3.620ms
[2026-05-11T05:02:26.235+0800][gc,cpu        ] GC(12) User=0.03s Sys=0.00s Real=0.01s
[2026-05-11T07:30:08.345+0800][gc,start      ] GC(13) Pause Young (Normal) (G1 Evacuation Pause)
[2026-05-11T07:30:08.345+0800][gc,task       ] GC(13) Using 10 workers of 10 for evacuation
[2026-05-11T07:30:08.349+0800][gc,phases     ] GC(13)   Pre Evacuate Collection Set: 0.0ms
[2026-05-11T07:30:08.349+0800][gc,phases     ] GC(13)   Evacuate Collection Set: 3.4ms
[2026-05-11T07:30:08.349+0800][gc,phases     ] GC(13)   Post Evacuate Collection Set: 0.3ms
[2026-05-11T07:30:08.349+0800][gc,phases     ] GC(13)   Other: 0.2ms
[2026-05-11T07:30:08.349+0800][gc,heap       ] GC(13) Eden regions: 239->0(240)
[2026-05-11T07:30:08.349+0800][gc,heap       ] GC(13) Survivor regions: 17->16(32)
[2026-05-11T07:30:08.349+0800][gc,heap       ] GC(13) Old regions: 29->29
[2026-05-11T07:30:08.349+0800][gc,heap       ] GC(13) Humongous regions: 4->4
[2026-05-11T07:30:08.349+0800][gc,metaspace  ] GC(13) Metaspace: 83117K(85592K)->83117K(85592K) NonClass: 73910K(75224K)->73910K(75224K) Class: 9207K(10368K)->9207K(10368K)
[2026-05-11T07:30:08.349+0800][gc            ] GC(13) Pause Young (Normal) (G1 Evacuation Pause) 287M->48M(512M) 3.911ms
[2026-05-11T07:30:08.349+0800][gc,cpu        ] GC(13) User=0.03s Sys=0.00s Real=0.00s
[2026-05-11T10:00:00.673+0800][gc,start      ] GC(14) Pause Young (Normal) (G1 Evacuation Pause)
[2026-05-11T10:00:00.673+0800][gc,task       ] GC(14) Using 10 workers of 10 for evacuation
[2026-05-11T10:00:00.677+0800][gc,phases     ] GC(14)   Pre Evacuate Collection Set: 0.0ms
[2026-05-11T10:00:00.677+0800][gc,phases     ] GC(14)   Evacuate Collection Set: 2.9ms
[2026-05-11T10:00:00.677+0800][gc,phases     ] GC(14)   Post Evacuate Collection Set: 0.3ms
[2026-05-11T10:00:00.677+0800][gc,phases     ] GC(14)   Other: 0.1ms
[2026-05-11T10:00:00.677+0800][gc,heap       ] GC(14) Eden regions: 240->0(240)
[2026-05-11T10:00:00.677+0800][gc,heap       ] GC(14) Survivor regions: 16->16(32)
[2026-05-11T10:00:00.677+0800][gc,heap       ] GC(14) Old regions: 29->29
[2026-05-11T10:00:00.677+0800][gc,heap       ] GC(14) Humongous regions: 4->4
[2026-05-11T10:00:00.677+0800][gc,metaspace  ] GC(14) Metaspace: 83152K(85592K)->83152K(85592K) NonClass: 73942K(75224K)->73942K(75224K) Class: 9210K(10368K)->9210K(10368K)
[2026-05-11T10:00:00.677+0800][gc            ] GC(14) Pause Young (Normal) (G1 Evacuation Pause) 288M->48M(512M) 3.466ms
[2026-05-11T10:00:00.677+0800][gc,cpu        ] GC(14) User=0.03s Sys=0.00s Real=0.00s
[2026-05-11T12:30:24.638+0800][gc,start      ] GC(15) Pause Young (Normal) (G1 Evacuation Pause)
[2026-05-11T12:30:24.638+0800][gc,task       ] GC(15) Using 10 workers of 10 for evacuation
[2026-05-11T12:30:24.641+0800][gc,phases     ] GC(15)   Pre Evacuate Collection Set: 0.0ms
[2026-05-11T12:30:24.641+0800][gc,phases     ] GC(15)   Evacuate Collection Set: 3.2ms
[2026-05-11T12:30:24.641+0800][gc,phases     ] GC(15)   Post Evacuate Collection Set: 0.3ms
[2026-05-11T12:30:24.641+0800][gc,phases     ] GC(15)   Other: 0.2ms
[2026-05-11T12:30:24.641+0800][gc,heap       ] GC(15) Eden regions: 240->0(240)
[2026-05-11T12:30:24.641+0800][gc,heap       ] GC(15) Survivor regions: 16->16(32)
[2026-05-11T12:30:24.641+0800][gc,heap       ] GC(15) Old regions: 29->29
[2026-05-11T12:30:24.641+0800][gc,heap       ] GC(15) Humongous regions: 4->4
[2026-05-11T12:30:24.641+0800][gc,metaspace  ] GC(15) Metaspace: 83211K(85592K)->83211K(85592K) NonClass: 74000K(75224K)->74000K(75224K) Class: 9211K(10368K)->9211K(10368K)
[2026-05-11T12:30:24.641+0800][gc            ] GC(15) Pause Young (Normal) (G1 Evacuation Pause) 288M->47M(512M) 3.738ms
[2026-05-11T12:30:24.641+0800][gc,cpu        ] GC(15) User=0.03s Sys=0.00s Real=0.00s
[2026-05-11T15:01:16.551+0800][gc,start      ] GC(16) Pause Young (Normal) (G1 Evacuation Pause)
[2026-05-11T15:01:16.551+0800][gc,task       ] GC(16) Using 10 workers of 10 for evacuation
[2026-05-11T15:01:16.555+0800][gc,phases     ] GC(16)   Pre Evacuate Collection Set: 0.0ms
[2026-05-11T15:01:16.555+0800][gc,phases     ] GC(16)   Evacuate Collection Set: 3.0ms
[2026-05-11T15:01:16.555+0800][gc,phases     ] GC(16)   Post Evacuate Collection Set: 0.4ms
[2026-05-11T15:01:16.555+0800][gc,phases     ] GC(16)   Other: 0.2ms
[2026-05-11T15:01:16.555+0800][gc,heap       ] GC(16) Eden regions: 240->0(240)
[2026-05-11T15:01:16.555+0800][gc,heap       ] GC(16) Survivor regions: 16->16(32)
[2026-05-11T15:01:16.555+0800][gc,heap       ] GC(16) Old regions: 29->29
[2026-05-11T15:01:16.555+0800][gc,heap       ] GC(16) Humongous regions: 4->4
[2026-05-11T15:01:16.555+0800][gc,metaspace  ] GC(16) Metaspace: 83260K(85592K)->83260K(85592K) NonClass: 74048K(75224K)->74048K(75224K) Class: 9211K(10368K)->9211K(10368K)
[2026-05-11T15:01:16.555+0800][gc            ] GC(16) Pause Young (Normal) (G1 Evacuation Pause) 287M->48M(512M) 3.631ms
[2026-05-11T15:01:16.555+0800][gc,cpu        ] GC(16) User=0.03s Sys=0.00s Real=0.01s
[2026-05-11T17:32:23.365+0800][gc,start      ] GC(17) Pause Young (Normal) (G1 Evacuation Pause)
[2026-05-11T17:32:23.365+0800][gc,task       ] GC(17) Using 10 workers of 10 for evacuation
[2026-05-11T17:32:23.368+0800][gc,phases     ] GC(17)   Pre Evacuate Collection Set: 0.0ms
[2026-05-11T17:32:23.368+0800][gc,phases     ] GC(17)   Evacuate Collection Set: 3.2ms
[2026-05-11T17:32:23.368+0800][gc,phases     ] GC(17)   Post Evacuate Collection Set: 0.4ms
[2026-05-11T17:32:23.368+0800][gc,phases     ] GC(17)   Other: 0.2ms
[2026-05-11T17:32:23.368+0800][gc,heap       ] GC(17) Eden regions: 240->0(240)
[2026-05-11T17:32:23.368+0800][gc,heap       ] GC(17) Survivor regions: 16->16(32)
[2026-05-11T17:32:23.368+0800][gc,heap       ] GC(17) Old regions: 29->29
[2026-05-11T17:32:23.368+0800][gc,heap       ] GC(17) Humongous regions: 4->4
[2026-05-11T17:32:23.368+0800][gc,metaspace  ] GC(17) Metaspace: 83273K(85592K)->83273K(85592K) NonClass: 74061K(75224K)->74061K(75224K) Class: 9212K(10368K)->9212K(10368K)
[2026-05-11T17:32:23.368+0800][gc            ] GC(17) Pause Young (Normal) (G1 Evacuation Pause) 288M->48M(512M) 3.796ms
[2026-05-11T17:32:23.369+0800][gc,cpu        ] GC(17) User=0.03s Sys=0.00s Real=0.01s
[2026-05-11T20:03:56.927+0800][gc,start      ] GC(18) Pause Young (Normal) (G1 Evacuation Pause)
[2026-05-11T20:03:56.927+0800][gc,task       ] GC(18) Using 10 workers of 10 for evacuation
[2026-05-11T20:03:56.931+0800][gc,phases     ] GC(18)   Pre Evacuate Collection Set: 0.0ms
[2026-05-11T20:03:56.931+0800][gc,phases     ] GC(18)   Evacuate Collection Set: 3.1ms
[2026-05-11T20:03:56.931+0800][gc,phases     ] GC(18)   Post Evacuate Collection Set: 0.3ms
[2026-05-11T20:03:56.931+0800][gc,phases     ] GC(18)   Other: 0.2ms
[2026-05-11T20:03:56.931+0800][gc,heap       ] GC(18) Eden regions: 240->0(239)
[2026-05-11T20:03:56.931+0800][gc,heap       ] GC(18) Survivor regions: 16->17(32)
[2026-05-11T20:03:56.931+0800][gc,heap       ] GC(18) Old regions: 29->29
[2026-05-11T20:03:56.931+0800][gc,heap       ] GC(18) Humongous regions: 4->4
[2026-05-11T20:03:56.931+0800][gc,metaspace  ] GC(18) Metaspace: 83285K(85592K)->83285K(85592K) NonClass: 74073K(75224K)->74073K(75224K) Class: 9212K(10368K)->9212K(10368K)
[2026-05-11T20:03:56.931+0800][gc            ] GC(18) Pause Young (Normal) (G1 Evacuation Pause) 288M->48M(512M) 3.632ms
[2026-05-11T20:03:56.931+0800][gc,cpu        ] GC(18) User=0.03s Sys=0.00s Real=0.01s
[2026-05-11T22:34:17.364+0800][gc,start      ] GC(19) Pause Young (Normal) (G1 Evacuation Pause)
[2026-05-11T22:34:17.364+0800][gc,task       ] GC(19) Using 10 workers of 10 for evacuation
[2026-05-11T22:34:17.367+0800][gc,phases     ] GC(19)   Pre Evacuate Collection Set: 0.0ms
[2026-05-11T22:34:17.368+0800][gc,phases     ] GC(19)   Evacuate Collection Set: 3.0ms
[2026-05-11T22:34:17.368+0800][gc,phases     ] GC(19)   Post Evacuate Collection Set: 0.3ms
[2026-05-11T22:34:17.368+0800][gc,phases     ] GC(19)   Other: 0.1ms
[2026-05-11T22:34:17.368+0800][gc,heap       ] GC(19) Eden regions: 239->0(240)
[2026-05-11T22:34:17.368+0800][gc,heap       ] GC(19) Survivor regions: 17->16(32)
[2026-05-11T22:34:17.368+0800][gc,heap       ] GC(19) Old regions: 29->29
[2026-05-11T22:34:17.368+0800][gc,heap       ] GC(19) Humongous regions: 4->4
[2026-05-11T22:34:17.368+0800][gc,metaspace  ] GC(19) Metaspace: 83331K(85848K)->83331K(85848K) NonClass: 74117K(75480K)->74117K(75480K) Class: 9213K(10368K)->9213K(10368K)
[2026-05-11T22:34:17.368+0800][gc            ] GC(19) Pause Young (Normal) (G1 Evacuation Pause) 287M->48M(512M) 3.578ms
[2026-05-11T22:34:17.368+0800][gc,cpu        ] GC(19) User=0.03s Sys=0.00s Real=0.01s
[2026-05-12T01:02:57.787+0800][gc,start      ] GC(20) Pause Young (Normal) (G1 Evacuation Pause)
[2026-05-12T01:02:57.787+0800][gc,task       ] GC(20) Using 10 workers of 10 for evacuation
[2026-05-12T01:02:57.791+0800][gc,phases     ] GC(20)   Pre Evacuate Collection Set: 0.0ms
[2026-05-12T01:02:57.791+0800][gc,phases     ] GC(20)   Evacuate Collection Set: 3.1ms
[2026-05-12T01:02:57.791+0800][gc,phases     ] GC(20)   Post Evacuate Collection Set: 0.3ms
[2026-05-12T01:02:57.791+0800][gc,phases     ] GC(20)   Other: 0.1ms
[2026-05-12T01:02:57.791+0800][gc,heap       ] GC(20) Eden regions: 240->0(240)
[2026-05-12T01:02:57.791+0800][gc,heap       ] GC(20) Survivor regions: 16->16(32)
[2026-05-12T01:02:57.791+0800][gc,heap       ] GC(20) Old regions: 29->29
[2026-05-12T01:02:57.791+0800][gc,heap       ] GC(20) Humongous regions: 4->4
[2026-05-12T01:02:57.791+0800][gc,metaspace  ] GC(20) Metaspace: 83354K(85848K)->83354K(85848K) NonClass: 74140K(75480K)->74140K(75480K) Class: 9213K(10368K)->9213K(10368K)
[2026-05-12T01:02:57.791+0800][gc            ] GC(20) Pause Young (Normal) (G1 Evacuation Pause) 288M->48M(512M) 3.595ms
[2026-05-12T01:02:57.791+0800][gc,cpu        ] GC(20) User=0.03s Sys=0.00s Real=0.00s
[2026-05-12T03:34:18.796+0800][gc,start      ] GC(21) Pause Young (Normal) (G1 Evacuation Pause)
[2026-05-12T03:34:18.796+0800][gc,task       ] GC(21) Using 10 workers of 10 for evacuation
[2026-05-12T03:34:18.799+0800][gc,phases     ] GC(21)   Pre Evacuate Collection Set: 0.0ms
[2026-05-12T03:34:18.799+0800][gc,phases     ] GC(21)   Evacuate Collection Set: 3.0ms
[2026-05-12T03:34:18.799+0800][gc,phases     ] GC(21)   Post Evacuate Collection Set: 0.3ms
[2026-05-12T03:34:18.799+0800][gc,phases     ] GC(21)   Other: 0.2ms
[2026-05-12T03:34:18.799+0800][gc,heap       ] GC(21) Eden regions: 240->0(239)
[2026-05-12T03:34:18.799+0800][gc,heap       ] GC(21) Survivor regions: 16->17(32)
[2026-05-12T03:34:18.799+0800][gc,heap       ] GC(21) Old regions: 29->29
[2026-05-12T03:34:18.799+0800][gc,heap       ] GC(21) Humongous regions: 4->4
[2026-05-12T03:34:18.799+0800][gc,metaspace  ] GC(21) Metaspace: 83412K(85848K)->83412K(85848K) NonClass: 74198K(75480K)->74198K(75480K) Class: 9213K(10368K)->9213K(10368K)
[2026-05-12T03:34:18.799+0800][gc            ] GC(21) Pause Young (Normal) (G1 Evacuation Pause) 288M->48M(512M) 3.521ms
[2026-05-12T03:34:18.799+0800][gc,cpu        ] GC(21) User=0.03s Sys=0.00s Real=0.01s
[2026-05-12T06:04:38.630+0800][gc,start      ] GC(22) Pause Young (Normal) (G1 Evacuation Pause)
[2026-05-12T06:04:38.630+0800][gc,task       ] GC(22) Using 10 workers of 10 for evacuation
[2026-05-12T06:04:38.633+0800][gc,phases     ] GC(22)   Pre Evacuate Collection Set: 0.0ms
[2026-05-12T06:04:38.633+0800][gc,phases     ] GC(22)   Evacuate Collection Set: 2.9ms
[2026-05-12T06:04:38.633+0800][gc,phases     ] GC(22)   Post Evacuate Collection Set: 0.4ms
[2026-05-12T06:04:38.633+0800][gc,phases     ] GC(22)   Other: 0.1ms
[2026-05-12T06:04:38.633+0800][gc,heap       ] GC(22) Eden regions: 239->0(240)
[2026-05-12T06:04:38.633+0800][gc,heap       ] GC(22) Survivor regions: 17->16(32)
[2026-05-12T06:04:38.633+0800][gc,heap       ] GC(22) Old regions: 29->29
[2026-05-12T06:04:38.633+0800][gc,heap       ] GC(22) Humongous regions: 4->4
[2026-05-12T06:04:38.633+0800][gc,metaspace  ] GC(22) Metaspace: 83464K(85848K)->83464K(85848K) NonClass: 74251K(75480K)->74251K(75480K) Class: 9213K(10368K)->9213K(10368K)
[2026-05-12T06:04:38.633+0800][gc            ] GC(22) Pause Young (Normal) (G1 Evacuation Pause) 287M->48M(512M) 3.481ms
[2026-05-12T06:04:38.633+0800][gc,cpu        ] GC(22) User=0.03s Sys=0.00s Real=0.00s
[2026-05-12T08:36:04.052+0800][gc,start      ] GC(23) Pause Young (Normal) (G1 Evacuation Pause)
[2026-05-12T08:36:04.052+0800][gc,task       ] GC(23) Using 10 workers of 10 for evacuation
[2026-05-12T08:36:04.056+0800][gc,phases     ] GC(23)   Pre Evacuate Collection Set: 0.0ms
[2026-05-12T08:36:04.056+0800][gc,phases     ] GC(23)   Evacuate Collection Set: 3.2ms
[2026-05-12T08:36:04.056+0800][gc,phases     ] GC(23)   Post Evacuate Collection Set: 0.4ms
[2026-05-12T08:36:04.056+0800][gc,phases     ] GC(23)   Other: 0.2ms
[2026-05-12T08:36:04.056+0800][gc,heap       ] GC(23) Eden regions: 240->0(242)
[2026-05-12T08:36:04.056+0800][gc,heap       ] GC(23) Survivor regions: 16->14(32)
[2026-05-12T08:36:04.056+0800][gc,heap       ] GC(23) Old regions: 29->31
[2026-05-12T08:36:04.056+0800][gc,heap       ] GC(23) Humongous regions: 4->4
[2026-05-12T08:36:04.056+0800][gc,metaspace  ] GC(23) Metaspace: 83483K(85848K)->83483K(85848K) NonClass: 74270K(75480K)->74270K(75480K) Class: 9213K(10368K)->9213K(10368K)
[2026-05-12T08:36:04.056+0800][gc            ] GC(23) Pause Young (Normal) (G1 Evacuation Pause) 288M->48M(512M) 3.797ms
[2026-05-12T08:36:04.056+0800][gc,cpu        ] GC(23) User=0.03s Sys=0.00s Real=0.00s
[2026-05-12T11:08:53.647+0800][gc,start      ] GC(24) Pause Young (Normal) (G1 Evacuation Pause)
[2026-05-12T11:08:53.647+0800][gc,task       ] GC(24) Using 10 workers of 10 for evacuation
[2026-05-12T11:08:53.651+0800][gc,phases     ] GC(24)   Pre Evacuate Collection Set: 0.0ms
[2026-05-12T11:08:53.651+0800][gc,phases     ] GC(24)   Evacuate Collection Set: 3.5ms
[2026-05-12T11:08:53.651+0800][gc,phases     ] GC(24)   Post Evacuate Collection Set: 0.3ms
[2026-05-12T11:08:53.651+0800][gc,phases     ] GC(24)   Other: 0.1ms
[2026-05-12T11:08:53.651+0800][gc,heap       ] GC(24) Eden regions: 242->0(251)
[2026-05-12T11:08:53.651+0800][gc,heap       ] GC(24) Survivor regions: 14->5(32)
[2026-05-12T11:08:53.651+0800][gc,heap       ] GC(24) Old regions: 31->40
[2026-05-12T11:08:53.651+0800][gc,heap       ] GC(24) Humongous regions: 4->4
[2026-05-12T11:08:53.651+0800][gc,metaspace  ] GC(24) Metaspace: 83514K(85848K)->83514K(85848K) NonClass: 74300K(75480K)->74300K(75480K) Class: 9213K(10368K)->9213K(10368K)
[2026-05-12T11:08:53.651+0800][gc            ] GC(24) Pause Young (Normal) (G1 Evacuation Pause) 290M->48M(512M) 4.008ms
[2026-05-12T11:08:53.651+0800][gc,cpu        ] GC(24) User=0.03s Sys=0.00s Real=0.01s
[2026-05-12T13:47:14.141+0800][gc,start      ] GC(25) Pause Young (Normal) (G1 Evacuation Pause)
[2026-05-12T13:47:14.141+0800][gc,task       ] GC(25) Using 10 workers of 10 for evacuation
[2026-05-12T13:47:14.143+0800][gc,phases     ] GC(25)   Pre Evacuate Collection Set: 0.0ms
[2026-05-12T13:47:14.144+0800][gc,phases     ] GC(25)   Evacuate Collection Set: 2.4ms
[2026-05-12T13:47:14.144+0800][gc,phases     ] GC(25)   Post Evacuate Collection Set: 0.2ms
[2026-05-12T13:47:14.144+0800][gc,phases     ] GC(25)   Other: 0.3ms
[2026-05-12T13:47:14.144+0800][gc,heap       ] GC(25) Eden regions: 251->0(254)
[2026-05-12T13:47:14.144+0800][gc,heap       ] GC(25) Survivor regions: 5->2(32)
[2026-05-12T13:47:14.144+0800][gc,heap       ] GC(25) Old regions: 40->44
[2026-05-12T13:47:14.144+0800][gc,heap       ] GC(25) Humongous regions: 4->4
[2026-05-12T13:47:14.144+0800][gc,metaspace  ] GC(25) Metaspace: 83517K(85848K)->83517K(85848K) NonClass: 74303K(75480K)->74303K(75480K) Class: 9213K(10368K)->9213K(10368K)
[2026-05-12T13:47:14.144+0800][gc            ] GC(25) Pause Young (Normal) (G1 Evacuation Pause) 299M->48M(512M) 2.999ms
[2026-05-12T13:47:14.144+0800][gc,cpu        ] GC(25) User=0.03s Sys=0.00s Real=0.00s
[2026-05-12T16:27:55.348+0800][gc,start      ] GC(26) Pause Young (Normal) (G1 Evacuation Pause)
[2026-05-12T16:27:55.348+0800][gc,task       ] GC(26) Using 10 workers of 10 for evacuation
[2026-05-12T16:27:55.349+0800][gc,phases     ] GC(26)   Pre Evacuate Collection Set: 0.0ms
[2026-05-12T16:27:55.349+0800][gc,phases     ] GC(26)   Evacuate Collection Set: 0.9ms
[2026-05-12T16:27:55.350+0800][gc,phases     ] GC(26)   Post Evacuate Collection Set: 0.2ms
[2026-05-12T16:27:55.350+0800][gc,phases     ] GC(26)   Other: 0.2ms
[2026-05-12T16:27:55.350+0800][gc,heap       ] GC(26) Eden regions: 254->0(255)
[2026-05-12T16:27:55.350+0800][gc,heap       ] GC(26) Survivor regions: 2->1(32)
[2026-05-12T16:27:55.350+0800][gc,heap       ] GC(26) Old regions: 44->44
[2026-05-12T16:27:55.350+0800][gc,heap       ] GC(26) Humongous regions: 4->4
[2026-05-12T16:27:55.350+0800][gc,metaspace  ] GC(26) Metaspace: 83525K(85848K)->83525K(85848K) NonClass: 74312K(75480K)->74312K(75480K) Class: 9213K(10368K)->9213K(10368K)
[2026-05-12T16:27:55.350+0800][gc            ] GC(26) Pause Young (Normal) (G1 Evacuation Pause) 302M->48M(512M) 1.275ms
[2026-05-12T16:27:55.350+0800][gc,cpu        ] GC(26) User=0.01s Sys=0.00s Real=0.00s
[2026-05-12T19:09:08.086+0800][gc,start      ] GC(27) Pause Young (Normal) (G1 Evacuation Pause)
[2026-05-12T19:09:08.086+0800][gc,task       ] GC(27) Using 10 workers of 10 for evacuation
[2026-05-12T19:09:08.087+0800][gc,phases     ] GC(27)   Pre Evacuate Collection Set: 0.0ms
[2026-05-12T19:09:08.087+0800][gc,phases     ] GC(27)   Evacuate Collection Set: 0.5ms
[2026-05-12T19:09:08.087+0800][gc,phases     ] GC(27)   Post Evacuate Collection Set: 0.2ms
[2026-05-12T19:09:08.087+0800][gc,phases     ] GC(27)   Other: 0.1ms
[2026-05-12T19:09:08.087+0800][gc,heap       ] GC(27) Eden regions: 255->0(255)
[2026-05-12T19:09:08.087+0800][gc,heap       ] GC(27) Survivor regions: 1->1(32)
[2026-05-12T19:09:08.087+0800][gc,heap       ] GC(27) Old regions: 44->44
[2026-05-12T19:09:08.087+0800][gc,heap       ] GC(27) Humongous regions: 4->4
[2026-05-12T19:09:08.087+0800][gc,metaspace  ] GC(27) Metaspace: 83561K(86104K)->83561K(86104K) NonClass: 74347K(75736K)->74347K(75736K) Class: 9213K(10368K)->9213K(10368K)
[2026-05-12T19:09:08.087+0800][gc            ] GC(27) Pause Young (Normal) (G1 Evacuation Pause) 303M->48M(512M) 0.858ms
[2026-05-12T19:09:08.087+0800][gc,cpu        ] GC(27) User=0.01s Sys=0.00s Real=0.00s
[2026-05-12T21:50:17.679+0800][gc,start      ] GC(28) Pause Young (Normal) (G1 Evacuation Pause)
[2026-05-12T21:50:17.679+0800][gc,task       ] GC(28) Using 10 workers of 10 for evacuation
[2026-05-12T21:50:17.679+0800][gc,phases     ] GC(28)   Pre Evacuate Collection Set: 0.0ms
[2026-05-12T21:50:17.679+0800][gc,phases     ] GC(28)   Evacuate Collection Set: 0.5ms
[2026-05-12T21:50:17.679+0800][gc,phases     ] GC(28)   Post Evacuate Collection Set: 0.2ms
[2026-05-12T21:50:17.679+0800][gc,phases     ] GC(28)   Other: 0.1ms
[2026-05-12T21:50:17.679+0800][gc,heap       ] GC(28) Eden regions: 255->0(255)
[2026-05-12T21:50:17.679+0800][gc,heap       ] GC(28) Survivor regions: 1->1(32)
[2026-05-12T21:50:17.679+0800][gc,heap       ] GC(28) Old regions: 44->45
[2026-05-12T21:50:17.679+0800][gc,heap       ] GC(28) Humongous regions: 4->4
[2026-05-12T21:50:17.679+0800][gc,metaspace  ] GC(28) Metaspace: 83563K(86104K)->83563K(86104K) NonClass: 74349K(75736K)->74349K(75736K) Class: 9213K(10368K)->9213K(10368K)
[2026-05-12T21:50:17.679+0800][gc            ] GC(28) Pause Young (Normal) (G1 Evacuation Pause) 303M->48M(512M) 0.871ms
[2026-05-12T21:50:17.679+0800][gc,cpu        ] GC(28) User=0.00s Sys=0.00s Real=0.00s
[2026-05-13T00:28:56.674+0800][gc,start      ] GC(29) Pause Young (Normal) (G1 Evacuation Pause)
[2026-05-13T00:28:56.674+0800][gc,task       ] GC(29) Using 10 workers of 10 for evacuation
[2026-05-13T00:28:56.675+0800][gc,phases     ] GC(29)   Pre Evacuate Collection Set: 0.0ms
[2026-05-13T00:28:56.675+0800][gc,phases     ] GC(29)   Evacuate Collection Set: 0.5ms
[2026-05-13T00:28:56.675+0800][gc,phases     ] GC(29)   Post Evacuate Collection Set: 0.2ms
[2026-05-13T00:28:56.675+0800][gc,phases     ] GC(29)   Other: 0.2ms
[2026-05-13T00:28:56.675+0800][gc,heap       ] GC(29) Eden regions: 255->0(255)
[2026-05-13T00:28:56.675+0800][gc,heap       ] GC(29) Survivor regions: 1->1(32)
[2026-05-13T00:28:56.675+0800][gc,heap       ] GC(29) Old regions: 45->45
[2026-05-13T00:28:56.675+0800][gc,heap       ] GC(29) Humongous regions: 4->4
[2026-05-13T00:28:56.675+0800][gc,metaspace  ] GC(29) Metaspace: 83577K(86104K)->83577K(86104K) NonClass: 74363K(75736K)->74363K(75736K) Class: 9213K(10368K)->9213K(10368K)
[2026-05-13T00:28:56.675+0800][gc            ] GC(29) Pause Young (Normal) (G1 Evacuation Pause) 303M->48M(512M) 0.917ms
[2026-05-13T00:28:56.675+0800][gc,cpu        ] GC(29) User=0.01s Sys=0.00s Real=0.00s
[2026-05-13T03:10:17.164+0800][gc,start      ] GC(30) Pause Young (Normal) (G1 Evacuation Pause)
[2026-05-13T03:10:17.164+0800][gc,task       ] GC(30) Using 10 workers of 10 for evacuation
[2026-05-13T03:10:17.165+0800][gc,phases     ] GC(30)   Pre Evacuate Collection Set: 0.0ms
[2026-05-13T03:10:17.165+0800][gc,phases     ] GC(30)   Evacuate Collection Set: 0.5ms
[2026-05-13T03:10:17.165+0800][gc,phases     ] GC(30)   Post Evacuate Collection Set: 0.2ms
[2026-05-13T03:10:17.165+0800][gc,phases     ] GC(30)   Other: 0.1ms
[2026-05-13T03:10:17.165+0800][gc,heap       ] GC(30) Eden regions: 255->0(255)
[2026-05-13T03:10:17.165+0800][gc,heap       ] GC(30) Survivor regions: 1->1(32)
[2026-05-13T03:10:17.165+0800][gc,heap       ] GC(30) Old regions: 45->45
[2026-05-13T03:10:17.165+0800][gc,heap       ] GC(30) Humongous regions: 4->4
[2026-05-13T03:10:17.165+0800][gc,metaspace  ] GC(30) Metaspace: 83579K(86104K)->83579K(86104K) NonClass: 74366K(75736K)->74366K(75736K) Class: 9213K(10368K)->9213K(10368K)
[2026-05-13T03:10:17.165+0800][gc            ] GC(30) Pause Young (Normal) (G1 Evacuation Pause) 303M->48M(512M) 0.908ms
[2026-05-13T03:10:17.165+0800][gc,cpu        ] GC(30) User=0.00s Sys=0.00s Real=0.00s
[2026-05-13T05:51:38.536+0800][gc,start      ] GC(31) Pause Young (Normal) (G1 Evacuation Pause)
[2026-05-13T05:51:38.536+0800][gc,task       ] GC(31) Using 10 workers of 10 for evacuation
[2026-05-13T05:51:38.536+0800][gc,phases     ] GC(31)   Pre Evacuate Collection Set: 0.0ms
[2026-05-13T05:51:38.537+0800][gc,phases     ] GC(31)   Evacuate Collection Set: 0.4ms
[2026-05-13T05:51:38.537+0800][gc,phases     ] GC(31)   Post Evacuate Collection Set: 0.2ms
[2026-05-13T05:51:38.537+0800][gc,phases     ] GC(31)   Other: 0.1ms
[2026-05-13T05:51:38.537+0800][gc,heap       ] GC(31) Eden regions: 255->0(255)
[2026-05-13T05:51:38.537+0800][gc,heap       ] GC(31) Survivor regions: 1->1(32)
[2026-05-13T05:51:38.537+0800][gc,heap       ] GC(31) Old regions: 45->45
[2026-05-13T05:51:38.537+0800][gc,heap       ] GC(31) Humongous regions: 4->4
[2026-05-13T05:51:38.537+0800][gc,metaspace  ] GC(31) Metaspace: 83600K(86104K)->83600K(86104K) NonClass: 74386K(75736K)->74386K(75736K) Class: 9213K(10368K)->9213K(10368K)
[2026-05-13T05:51:38.537+0800][gc            ] GC(31) Pause Young (Normal) (G1 Evacuation Pause) 303M->48M(512M) 0.844ms
[2026-05-13T05:51:38.537+0800][gc,cpu        ] GC(31) User=0.01s Sys=0.00s Real=0.00s
[2026-05-13T08:33:08.038+0800][gc,start      ] GC(32) Pause Young (Normal) (G1 Evacuation Pause)
[2026-05-13T08:33:08.038+0800][gc,task       ] GC(32) Using 10 workers of 10 for evacuation
[2026-05-13T08:33:08.039+0800][gc,phases     ] GC(32)   Pre Evacuate Collection Set: 0.0ms
[2026-05-13T08:33:08.039+0800][gc,phases     ] GC(32)   Evacuate Collection Set: 0.4ms
[2026-05-13T08:33:08.039+0800][gc,phases     ] GC(32)   Post Evacuate Collection Set: 0.2ms
[2026-05-13T08:33:08.039+0800][gc,phases     ] GC(32)   Other: 0.1ms
[2026-05-13T08:33:08.039+0800][gc,heap       ] GC(32) Eden regions: 255->0(255)
[2026-05-13T08:33:08.039+0800][gc,heap       ] GC(32) Survivor regions: 1->1(32)
[2026-05-13T08:33:08.039+0800][gc,heap       ] GC(32) Old regions: 45->45
[2026-05-13T08:33:08.039+0800][gc,heap       ] GC(32) Humongous regions: 4->4
[2026-05-13T08:33:08.039+0800][gc,metaspace  ] GC(32) Metaspace: 83602K(86104K)->83602K(86104K) NonClass: 74389K(75736K)->74389K(75736K) Class: 9213K(10368K)->9213K(10368K)
[2026-05-13T08:33:08.039+0800][gc            ] GC(32) Pause Young (Normal) (G1 Evacuation Pause) 303M->48M(512M) 0.805ms
[2026-05-13T08:33:08.039+0800][gc,cpu        ] GC(32) User=0.00s Sys=0.01s Real=0.00s
[2026-05-13T11:14:29.540+0800][gc,start      ] GC(33) Pause Young (Normal) (G1 Evacuation Pause)
[2026-05-13T11:14:29.540+0800][gc,task       ] GC(33) Using 10 workers of 10 for evacuation
[2026-05-13T11:14:29.541+0800][gc,phases     ] GC(33)   Pre Evacuate Collection Set: 0.0ms
[2026-05-13T11:14:29.541+0800][gc,phases     ] GC(33)   Evacuate Collection Set: 0.4ms
[2026-05-13T11:14:29.541+0800][gc,phases     ] GC(33)   Post Evacuate Collection Set: 0.2ms
[2026-05-13T11:14:29.541+0800][gc,phases     ] GC(33)   Other: 0.2ms
[2026-05-13T11:14:29.541+0800][gc,heap       ] GC(33) Eden regions: 255->0(255)
[2026-05-13T11:14:29.541+0800][gc,heap       ] GC(33) Survivor regions: 1->1(32)
[2026-05-13T11:14:29.541+0800][gc,heap       ] GC(33) Old regions: 45->45
[2026-05-13T11:14:29.541+0800][gc,heap       ] GC(33) Humongous regions: 4->4
[2026-05-13T11:14:29.541+0800][gc,metaspace  ] GC(33) Metaspace: 83605K(86104K)->83605K(86104K) NonClass: 74392K(75736K)->74392K(75736K) Class: 9213K(10368K)->9213K(10368K)
[2026-05-13T11:14:29.541+0800][gc            ] GC(33) Pause Young (Normal) (G1 Evacuation Pause) 303M->48M(512M) 0.824ms
[2026-05-13T11:14:29.541+0800][gc,cpu        ] GC(33) User=0.00s Sys=0.00s Real=0.00s
[2026-05-13T13:55:50.457+0800][gc,start      ] GC(34) Pause Young (Normal) (G1 Evacuation Pause)
[2026-05-13T13:55:50.457+0800][gc,task       ] GC(34) Using 10 workers of 10 for evacuation
[2026-05-13T13:55:50.458+0800][gc,phases     ] GC(34)   Pre Evacuate Collection Set: 0.0ms
[2026-05-13T13:55:50.458+0800][gc,phases     ] GC(34)   Evacuate Collection Set: 0.5ms
[2026-05-13T13:55:50.458+0800][gc,phases     ] GC(34)   Post Evacuate Collection Set: 0.2ms
[2026-05-13T13:55:50.458+0800][gc,phases     ] GC(34)   Other: 0.1ms
[2026-05-13T13:55:50.458+0800][gc,heap       ] GC(34) Eden regions: 255->0(255)
[2026-05-13T13:55:50.458+0800][gc,heap       ] GC(34) Survivor regions: 1->1(32)
[2026-05-13T13:55:50.458+0800][gc,heap       ] GC(34) Old regions: 45->45
[2026-05-13T13:55:50.458+0800][gc,heap       ] GC(34) Humongous regions: 4->4
[2026-05-13T13:55:50.458+0800][gc,metaspace  ] GC(34) Metaspace: 83608K(86104K)->83608K(86104K) NonClass: 74394K(75736K)->74394K(75736K) Class: 9213K(10368K)->9213K(10368K)
[2026-05-13T13:55:50.458+0800][gc            ] GC(34) Pause Young (Normal) (G1 Evacuation Pause) 303M->48M(512M) 0.830ms
[2026-05-13T13:55:50.458+0800][gc,cpu        ] GC(34) User=0.00s Sys=0.00s Real=0.00s
[2026-05-13T16:37:09.380+0800][gc,start      ] GC(35) Pause Young (Normal) (G1 Evacuation Pause)
[2026-05-13T16:37:09.380+0800][gc,task       ] GC(35) Using 10 workers of 10 for evacuation
[2026-05-13T16:37:09.381+0800][gc,phases     ] GC(35)   Pre Evacuate Collection Set: 0.0ms
[2026-05-13T16:37:09.381+0800][gc,phases     ] GC(35)   Evacuate Collection Set: 0.4ms
[2026-05-13T16:37:09.381+0800][gc,phases     ] GC(35)   Post Evacuate Collection Set: 0.2ms
[2026-05-13T16:37:09.381+0800][gc,phases     ] GC(35)   Other: 0.1ms
[2026-05-13T16:37:09.381+0800][gc,heap       ] GC(35) Eden regions: 255->0(255)
[2026-05-13T16:37:09.381+0800][gc,heap       ] GC(35) Survivor regions: 1->1(32)
[2026-05-13T16:37:09.381+0800][gc,heap       ] GC(35) Old regions: 45->45
[2026-05-13T16:37:09.381+0800][gc,heap       ] GC(35) Humongous regions: 4->4
[2026-05-13T16:37:09.381+0800][gc,metaspace  ] GC(35) Metaspace: 83641K(86104K)->83641K(86104K) NonClass: 74428K(75736K)->74428K(75736K) Class: 9213K(10368K)->9213K(10368K)
[2026-05-13T16:37:09.381+0800][gc            ] GC(35) Pause Young (Normal) (G1 Evacuation Pause) 303M->48M(512M) 0.702ms
[2026-05-13T16:37:09.381+0800][gc,cpu        ] GC(35) User=0.00s Sys=0.00s Real=0.00s
[2026-05-13T19:18:07.867+0800][gc,start      ] GC(36) Pause Young (Normal) (G1 Evacuation Pause)
[2026-05-13T19:18:07.867+0800][gc,task       ] GC(36) Using 10 workers of 10 for evacuation
[2026-05-13T19:18:07.868+0800][gc,phases     ] GC(36)   Pre Evacuate Collection Set: 0.0ms
[2026-05-13T19:18:07.868+0800][gc,phases     ] GC(36)   Evacuate Collection Set: 0.4ms
[2026-05-13T19:18:07.868+0800][gc,phases     ] GC(36)   Post Evacuate Collection Set: 0.2ms
[2026-05-13T19:18:07.868+0800][gc,phases     ] GC(36)   Other: 0.1ms
[2026-05-13T19:18:07.868+0800][gc,heap       ] GC(36) Eden regions: 255->0(255)
[2026-05-13T19:18:07.868+0800][gc,heap       ] GC(36) Survivor regions: 1->1(32)
[2026-05-13T19:18:07.868+0800][gc,heap       ] GC(36) Old regions: 45->45
[2026-05-13T19:18:07.868+0800][gc,heap       ] GC(36) Humongous regions: 4->4
[2026-05-13T19:18:07.868+0800][gc,metaspace  ] GC(36) Metaspace: 83643K(86104K)->83643K(86104K) NonClass: 74429K(75736K)->74429K(75736K) Class: 9213K(10368K)->9213K(10368K)
[2026-05-13T19:18:07.868+0800][gc            ] GC(36) Pause Young (Normal) (G1 Evacuation Pause) 303M->48M(512M) 0.794ms
[2026-05-13T19:18:07.868+0800][gc,cpu        ] GC(36) User=0.00s Sys=0.00s Real=0.01s
[2026-05-13T21:59:16.198+0800][gc,start      ] GC(37) Pause Young (Normal) (G1 Evacuation Pause)
[2026-05-13T21:59:16.198+0800][gc,task       ] GC(37) Using 10 workers of 10 for evacuation
[2026-05-13T21:59:16.198+0800][gc,phases     ] GC(37)   Pre Evacuate Collection Set: 0.0ms
[2026-05-13T21:59:16.198+0800][gc,phases     ] GC(37)   Evacuate Collection Set: 0.4ms
[2026-05-13T21:59:16.198+0800][gc,phases     ] GC(37)   Post Evacuate Collection Set: 0.2ms
[2026-05-13T21:59:16.198+0800][gc,phases     ] GC(37)   Other: 0.1ms
[2026-05-13T21:59:16.198+0800][gc,heap       ] GC(37) Eden regions: 255->0(255)
[2026-05-13T21:59:16.198+0800][gc,heap       ] GC(37) Survivor regions: 1->1(32)
[2026-05-13T21:59:16.198+0800][gc,heap       ] GC(37) Old regions: 45->45
[2026-05-13T21:59:16.198+0800][gc,heap       ] GC(37) Humongous regions: 4->4
[2026-05-13T21:59:16.199+0800][gc,metaspace  ] GC(37) Metaspace: 83643K(86104K)->83643K(86104K) NonClass: 74429K(75736K)->74429K(75736K) Class: 9213K(10368K)->9213K(10368K)
[2026-05-13T21:59:16.199+0800][gc            ] GC(37) Pause Young (Normal) (G1 Evacuation Pause) 303M->48M(512M) 0.778ms
[2026-05-13T21:59:16.199+0800][gc,cpu        ] GC(37) User=0.00s Sys=0.00s Real=0.00s
[2026-05-14T00:37:50.703+0800][gc,start      ] GC(38) Pause Young (Normal) (G1 Evacuation Pause)
[2026-05-14T00:37:50.703+0800][gc,task       ] GC(38) Using 10 workers of 10 for evacuation
[2026-05-14T00:37:50.704+0800][gc,phases     ] GC(38)   Pre Evacuate Collection Set: 0.0ms
[2026-05-14T00:37:50.704+0800][gc,phases     ] GC(38)   Evacuate Collection Set: 0.4ms
[2026-05-14T00:37:50.704+0800][gc,phases     ] GC(38)   Post Evacuate Collection Set: 0.2ms
[2026-05-14T00:37:50.704+0800][gc,phases     ] GC(38)   Other: 0.1ms
[2026-05-14T00:37:50.704+0800][gc,heap       ] GC(38) Eden regions: 255->0(255)
[2026-05-14T00:37:50.704+0800][gc,heap       ] GC(38) Survivor regions: 1->1(32)
[2026-05-14T00:37:50.704+0800][gc,heap       ] GC(38) Old regions: 45->45
[2026-05-14T00:37:50.704+0800][gc,heap       ] GC(38) Humongous regions: 4->4
[2026-05-14T00:37:50.704+0800][gc,metaspace  ] GC(38) Metaspace: 83663K(86104K)->83663K(86104K) NonClass: 74449K(75736K)->74449K(75736K) Class: 9213K(10368K)->9213K(10368K)
[2026-05-14T00:37:50.704+0800][gc            ] GC(38) Pause Young (Normal) (G1 Evacuation Pause) 303M->48M(512M) 0.782ms
[2026-05-14T00:37:50.704+0800][gc,cpu        ] GC(38) User=0.00s Sys=0.00s Real=0.00s
[2026-05-14T03:19:02.820+0800][gc,start      ] GC(39) Pause Young (Normal) (G1 Evacuation Pause)
[2026-05-14T03:19:02.820+0800][gc,task       ] GC(39) Using 10 workers of 10 for evacuation
[2026-05-14T03:19:02.821+0800][gc,phases     ] GC(39)   Pre Evacuate Collection Set: 0.0ms
[2026-05-14T03:19:02.821+0800][gc,phases     ] GC(39)   Evacuate Collection Set: 0.4ms
[2026-05-14T03:19:02.821+0800][gc,phases     ] GC(39)   Post Evacuate Collection Set: 0.2ms
[2026-05-14T03:19:02.821+0800][gc,phases     ] GC(39)   Other: 0.1ms
[2026-05-14T03:19:02.821+0800][gc,heap       ] GC(39) Eden regions: 255->0(255)
[2026-05-14T03:19:02.821+0800][gc,heap       ] GC(39) Survivor regions: 1->1(32)
[2026-05-14T03:19:02.821+0800][gc,heap       ] GC(39) Old regions: 45->45
[2026-05-14T03:19:02.821+0800][gc,heap       ] GC(39) Humongous regions: 4->4
[2026-05-14T03:19:02.821+0800][gc,metaspace  ] GC(39) Metaspace: 83673K(86104K)->83673K(86104K) NonClass: 74459K(75736K)->74459K(75736K) Class: 9214K(10368K)->9214K(10368K)
[2026-05-14T03:19:02.821+0800][gc            ] GC(39) Pause Young (Normal) (G1 Evacuation Pause) 303M->48M(512M) 0.804ms
[2026-05-14T03:19:02.821+0800][gc,cpu        ] GC(39) User=0.00s Sys=0.00s Real=0.00s
[2026-05-14T06:00:36.601+0800][gc,start      ] GC(40) Pause Young (Normal) (G1 Evacuation Pause)
[2026-05-14T06:00:36.601+0800][gc,task       ] GC(40) Using 10 workers of 10 for evacuation
[2026-05-14T06:00:36.601+0800][gc,phases     ] GC(40)   Pre Evacuate Collection Set: 0.0ms
[2026-05-14T06:00:36.601+0800][gc,phases     ] GC(40)   Evacuate Collection Set: 0.4ms
[2026-05-14T06:00:36.601+0800][gc,phases     ] GC(40)   Post Evacuate Collection Set: 0.2ms
[2026-05-14T06:00:36.601+0800][gc,phases     ] GC(40)   Other: 0.1ms
[2026-05-14T06:00:36.601+0800][gc,heap       ] GC(40) Eden regions: 255->0(255)
[2026-05-14T06:00:36.601+0800][gc,heap       ] GC(40) Survivor regions: 1->1(32)
[2026-05-14T06:00:36.601+0800][gc,heap       ] GC(40) Old regions: 45->45
[2026-05-14T06:00:36.601+0800][gc,heap       ] GC(40) Humongous regions: 4->4
[2026-05-14T06:00:36.601+0800][gc,metaspace  ] GC(40) Metaspace: 83675K(86104K)->83675K(86104K) NonClass: 74460K(75736K)->74460K(75736K) Class: 9214K(10368K)->9214K(10368K)
[2026-05-14T06:00:36.601+0800][gc            ] GC(40) Pause Young (Normal) (G1 Evacuation Pause) 303M->48M(512M) 0.745ms
[2026-05-14T06:00:36.601+0800][gc,cpu        ] GC(40) User=0.00s Sys=0.00s Real=0.00s
[2026-05-14T08:42:07.053+0800][gc,start      ] GC(41) Pause Young (Normal) (G1 Evacuation Pause)
[2026-05-14T08:42:07.053+0800][gc,task       ] GC(41) Using 10 workers of 10 for evacuation
[2026-05-14T08:42:07.053+0800][gc,phases     ] GC(41)   Pre Evacuate Collection Set: 0.0ms
[2026-05-14T08:42:07.053+0800][gc,phases     ] GC(41)   Evacuate Collection Set: 0.4ms
[2026-05-14T08:42:07.053+0800][gc,phases     ] GC(41)   Post Evacuate Collection Set: 0.2ms
[2026-05-14T08:42:07.053+0800][gc,phases     ] GC(41)   Other: 0.2ms
[2026-05-14T08:42:07.053+0800][gc,heap       ] GC(41) Eden regions: 255->0(255)
[2026-05-14T08:42:07.053+0800][gc,heap       ] GC(41) Survivor regions: 1->1(32)
[2026-05-14T08:42:07.053+0800][gc,heap       ] GC(41) Old regions: 45->45
[2026-05-14T08:42:07.053+0800][gc,heap       ] GC(41) Humongous regions: 4->4
[2026-05-14T08:42:07.053+0800][gc,metaspace  ] GC(41) Metaspace: 83675K(86104K)->83675K(86104K) NonClass: 74460K(75736K)->74460K(75736K) Class: 9214K(10368K)->9214K(10368K)
[2026-05-14T08:42:07.053+0800][gc            ] GC(41) Pause Young (Normal) (G1 Evacuation Pause) 303M->48M(512M) 0.831ms
[2026-05-14T08:42:07.054+0800][gc,cpu        ] GC(41) User=0.01s Sys=0.00s Real=0.00s
[2026-05-14T11:23:15.060+0800][gc,start      ] GC(42) Pause Young (Normal) (G1 Evacuation Pause)
[2026-05-14T11:23:15.060+0800][gc,task       ] GC(42) Using 10 workers of 10 for evacuation
[2026-05-14T11:23:15.061+0800][gc,phases     ] GC(42)   Pre Evacuate Collection Set: 0.0ms
[2026-05-14T11:23:15.061+0800][gc,phases     ] GC(42)   Evacuate Collection Set: 0.4ms
[2026-05-14T11:23:15.061+0800][gc,phases     ] GC(42)   Post Evacuate Collection Set: 0.2ms
[2026-05-14T11:23:15.061+0800][gc,phases     ] GC(42)   Other: 0.1ms
[2026-05-14T11:23:15.061+0800][gc,heap       ] GC(42) Eden regions: 255->0(255)
[2026-05-14T11:23:15.061+0800][gc,heap       ] GC(42) Survivor regions: 1->1(32)
[2026-05-14T11:23:15.061+0800][gc,heap       ] GC(42) Old regions: 45->45
[2026-05-14T11:23:15.061+0800][gc,heap       ] GC(42) Humongous regions: 4->4
[2026-05-14T11:23:15.061+0800][gc,metaspace  ] GC(42) Metaspace: 83677K(86104K)->83677K(86104K) NonClass: 74463K(75736K)->74463K(75736K) Class: 9214K(10368K)->9214K(10368K)
[2026-05-14T11:23:15.061+0800][gc            ] GC(42) Pause Young (Normal) (G1 Evacuation Pause) 303M->48M(512M) 0.764ms
[2026-05-14T11:23:15.061+0800][gc,cpu        ] GC(42) User=0.01s Sys=0.00s Real=0.00s
[2026-05-14T14:04:30.585+0800][gc,start      ] GC(43) Pause Young (Normal) (G1 Evacuation Pause)
[2026-05-14T14:04:30.586+0800][gc,task       ] GC(43) Using 10 workers of 10 for evacuation
[2026-05-14T14:04:30.586+0800][gc,phases     ] GC(43)   Pre Evacuate Collection Set: 0.0ms
[2026-05-14T14:04:30.586+0800][gc,phases     ] GC(43)   Evacuate Collection Set: 0.4ms
[2026-05-14T14:04:30.586+0800][gc,phases     ] GC(43)   Post Evacuate Collection Set: 0.2ms
[2026-05-14T14:04:30.586+0800][gc,phases     ] GC(43)   Other: 0.1ms
[2026-05-14T14:04:30.586+0800][gc,heap       ] GC(43) Eden regions: 255->0(255)
[2026-05-14T14:04:30.586+0800][gc,heap       ] GC(43) Survivor regions: 1->1(32)
[2026-05-14T14:04:30.586+0800][gc,heap       ] GC(43) Old regions: 45->45
[2026-05-14T14:04:30.586+0800][gc,heap       ] GC(43) Humongous regions: 4->4
[2026-05-14T14:04:30.586+0800][gc,metaspace  ] GC(43) Metaspace: 83755K(86104K)->83755K(86104K) NonClass: 74540K(75736K)->74540K(75736K) Class: 9215K(10368K)->9215K(10368K)
[2026-05-14T14:04:30.586+0800][gc            ] GC(43) Pause Young (Normal) (G1 Evacuation Pause) 303M->48M(512M) 0.755ms
[2026-05-14T14:04:30.586+0800][gc,cpu        ] GC(43) User=0.00s Sys=0.00s Real=0.00s
[2026-05-14T16:45:38.263+0800][gc,start      ] GC(44) Pause Young (Normal) (G1 Evacuation Pause)
[2026-05-14T16:45:38.263+0800][gc,task       ] GC(44) Using 10 workers of 10 for evacuation
[2026-05-14T16:45:38.263+0800][gc,phases     ] GC(44)   Pre Evacuate Collection Set: 0.0ms
[2026-05-14T16:45:38.263+0800][gc,phases     ] GC(44)   Evacuate Collection Set: 0.4ms
[2026-05-14T16:45:38.263+0800][gc,phases     ] GC(44)   Post Evacuate Collection Set: 0.2ms
[2026-05-14T16:45:38.263+0800][gc,phases     ] GC(44)   Other: 0.1ms
[2026-05-14T16:45:38.263+0800][gc,heap       ] GC(44) Eden regions: 255->0(255)
[2026-05-14T16:45:38.263+0800][gc,heap       ] GC(44) Survivor regions: 1->1(32)
[2026-05-14T16:45:38.263+0800][gc,heap       ] GC(44) Old regions: 45->45
[2026-05-14T16:45:38.263+0800][gc,heap       ] GC(44) Humongous regions: 4->4
[2026-05-14T16:45:38.263+0800][gc,metaspace  ] GC(44) Metaspace: 83755K(86104K)->83755K(86104K) NonClass: 74540K(75736K)->74540K(75736K) Class: 9215K(10368K)->9215K(10368K)
[2026-05-14T16:45:38.263+0800][gc            ] GC(44) Pause Young (Normal) (G1 Evacuation Pause) 303M->48M(512M) 0.808ms
[2026-05-14T16:45:38.263+0800][gc,cpu        ] GC(44) User=0.01s Sys=0.00s Real=0.00s
[2026-05-14T19:26:33.836+0800][gc,start      ] GC(45) Pause Young (Normal) (G1 Evacuation Pause)
[2026-05-14T19:26:33.836+0800][gc,task       ] GC(45) Using 10 workers of 10 for evacuation
[2026-05-14T19:26:33.836+0800][gc,phases     ] GC(45)   Pre Evacuate Collection Set: 0.0ms
[2026-05-14T19:26:33.836+0800][gc,phases     ] GC(45)   Evacuate Collection Set: 0.4ms
[2026-05-14T19:26:33.836+0800][gc,phases     ] GC(45)   Post Evacuate Collection Set: 0.2ms
[2026-05-14T19:26:33.836+0800][gc,phases     ] GC(45)   Other: 0.1ms
[2026-05-14T19:26:33.836+0800][gc,heap       ] GC(45) Eden regions: 255->0(255)
[2026-05-14T19:26:33.836+0800][gc,heap       ] GC(45) Survivor regions: 1->1(32)
[2026-05-14T19:26:33.836+0800][gc,heap       ] GC(45) Old regions: 45->45
[2026-05-14T19:26:33.836+0800][gc,heap       ] GC(45) Humongous regions: 4->4
[2026-05-14T19:26:33.836+0800][gc,metaspace  ] GC(45) Metaspace: 83755K(86104K)->83755K(86104K) NonClass: 74540K(75736K)->74540K(75736K) Class: 9215K(10368K)->9215K(10368K)
[2026-05-14T19:26:33.836+0800][gc            ] GC(45) Pause Young (Normal) (G1 Evacuation Pause) 303M->48M(512M) 0.716ms
[2026-05-14T19:26:33.836+0800][gc,cpu        ] GC(45) User=0.00s Sys=0.01s Real=0.00s
[2026-05-14T22:07:34.638+0800][gc,start      ] GC(46) Pause Young (Normal) (G1 Evacuation Pause)
[2026-05-14T22:07:34.638+0800][gc,task       ] GC(46) Using 10 workers of 10 for evacuation
[2026-05-14T22:07:34.638+0800][gc,phases     ] GC(46)   Pre Evacuate Collection Set: 0.0ms
[2026-05-14T22:07:34.638+0800][gc,phases     ] GC(46)   Evacuate Collection Set: 0.4ms
[2026-05-14T22:07:34.638+0800][gc,phases     ] GC(46)   Post Evacuate Collection Set: 0.2ms
[2026-05-14T22:07:34.638+0800][gc,phases     ] GC(46)   Other: 0.1ms
[2026-05-14T22:07:34.638+0800][gc,heap       ] GC(46) Eden regions: 255->0(255)
[2026-05-14T22:07:34.638+0800][gc,heap       ] GC(46) Survivor regions: 1->1(32)
[2026-05-14T22:07:34.638+0800][gc,heap       ] GC(46) Old regions: 45->45
[2026-05-14T22:07:34.638+0800][gc,heap       ] GC(46) Humongous regions: 4->4
[2026-05-14T22:07:34.638+0800][gc,metaspace  ] GC(46) Metaspace: 83762K(86104K)->83762K(86104K) NonClass: 74546K(75736K)->74546K(75736K) Class: 9215K(10368K)->9215K(10368K)
[2026-05-14T22:07:34.638+0800][gc            ] GC(46) Pause Young (Normal) (G1 Evacuation Pause) 303M->48M(512M) 0.737ms
[2026-05-14T22:07:34.638+0800][gc,cpu        ] GC(46) User=0.00s Sys=0.00s Real=0.00s
[2026-05-15T00:45:55.060+0800][gc,start      ] GC(47) Pause Young (Normal) (G1 Evacuation Pause)
[2026-05-15T00:45:55.060+0800][gc,task       ] GC(47) Using 10 workers of 10 for evacuation
[2026-05-15T00:45:55.061+0800][gc,phases     ] GC(47)   Pre Evacuate Collection Set: 0.0ms
[2026-05-15T00:45:55.061+0800][gc,phases     ] GC(47)   Evacuate Collection Set: 0.4ms
[2026-05-15T00:45:55.061+0800][gc,phases     ] GC(47)   Post Evacuate Collection Set: 0.2ms
[2026-05-15T00:45:55.061+0800][gc,phases     ] GC(47)   Other: 0.1ms
[2026-05-15T00:45:55.061+0800][gc,heap       ] GC(47) Eden regions: 255->0(255)
[2026-05-15T00:45:55.061+0800][gc,heap       ] GC(47) Survivor regions: 1->1(32)
[2026-05-15T00:45:55.061+0800][gc,heap       ] GC(47) Old regions: 45->45
[2026-05-15T00:45:55.061+0800][gc,heap       ] GC(47) Humongous regions: 4->4
[2026-05-15T00:45:55.061+0800][gc,metaspace  ] GC(47) Metaspace: 83762K(86104K)->83762K(86104K) NonClass: 74546K(75736K)->74546K(75736K) Class: 9215K(10368K)->9215K(10368K)
[2026-05-15T00:45:55.061+0800][gc            ] GC(47) Pause Young (Normal) (G1 Evacuation Pause) 303M->48M(512M) 0.741ms
[2026-05-15T00:45:55.061+0800][gc,cpu        ] GC(47) User=0.01s Sys=0.00s Real=0.00s
[2026-05-15T03:27:02.684+0800][gc,start      ] GC(48) Pause Young (Normal) (G1 Evacuation Pause)
[2026-05-15T03:27:02.684+0800][gc,task       ] GC(48) Using 10 workers of 10 for evacuation
[2026-05-15T03:27:02.685+0800][gc,phases     ] GC(48)   Pre Evacuate Collection Set: 0.0ms
[2026-05-15T03:27:02.685+0800][gc,phases     ] GC(48)   Evacuate Collection Set: 0.4ms
[2026-05-15T03:27:02.685+0800][gc,phases     ] GC(48)   Post Evacuate Collection Set: 0.2ms
[2026-05-15T03:27:02.685+0800][gc,phases     ] GC(48)   Other: 0.1ms
[2026-05-15T03:27:02.685+0800][gc,heap       ] GC(48) Eden regions: 255->0(255)
[2026-05-15T03:27:02.685+0800][gc,heap       ] GC(48) Survivor regions: 1->1(32)
[2026-05-15T03:27:02.685+0800][gc,heap       ] GC(48) Old regions: 45->45
[2026-05-15T03:27:02.685+0800][gc,heap       ] GC(48) Humongous regions: 4->4
[2026-05-15T03:27:02.685+0800][gc,metaspace  ] GC(48) Metaspace: 83764K(86104K)->83764K(86104K) NonClass: 74548K(75736K)->74548K(75736K) Class: 9215K(10368K)->9215K(10368K)
[2026-05-15T03:27:02.685+0800][gc            ] GC(48) Pause Young (Normal) (G1 Evacuation Pause) 303M->48M(512M) 0.744ms
[2026-05-15T03:27:02.685+0800][gc,cpu        ] GC(48) User=0.01s Sys=0.00s Real=0.00s
[2026-05-15T06:08:20.988+0800][gc,start      ] GC(49) Pause Young (Normal) (G1 Evacuation Pause)
[2026-05-15T06:08:20.988+0800][gc,task       ] GC(49) Using 10 workers of 10 for evacuation
[2026-05-15T06:08:20.989+0800][gc,phases     ] GC(49)   Pre Evacuate Collection Set: 0.0ms
[2026-05-15T06:08:20.989+0800][gc,phases     ] GC(49)   Evacuate Collection Set: 0.4ms
[2026-05-15T06:08:20.989+0800][gc,phases     ] GC(49)   Post Evacuate Collection Set: 0.2ms
[2026-05-15T06:08:20.989+0800][gc,phases     ] GC(49)   Other: 0.2ms
[2026-05-15T06:08:20.989+0800][gc,heap       ] GC(49) Eden regions: 255->0(255)
[2026-05-15T06:08:20.989+0800][gc,heap       ] GC(49) Survivor regions: 1->1(32)
[2026-05-15T06:08:20.989+0800][gc,heap       ] GC(49) Old regions: 45->45
[2026-05-15T06:08:20.989+0800][gc,heap       ] GC(49) Humongous regions: 4->4
[2026-05-15T06:08:20.989+0800][gc,metaspace  ] GC(49) Metaspace: 83764K(86104K)->83764K(86104K) NonClass: 74548K(75736K)->74548K(75736K) Class: 9215K(10368K)->9215K(10368K)
[2026-05-15T06:08:20.989+0800][gc            ] GC(49) Pause Young (Normal) (G1 Evacuation Pause) 303M->48M(512M) 0.826ms
[2026-05-15T06:08:20.989+0800][gc,cpu        ] GC(49) User=0.00s Sys=0.01s Real=0.00s
[2026-05-15T08:49:41.093+0800][gc,start      ] GC(50) Pause Young (Normal) (G1 Evacuation Pause)
[2026-05-15T08:49:41.093+0800][gc,task       ] GC(50) Using 10 workers of 10 for evacuation
[2026-05-15T08:49:41.094+0800][gc,phases     ] GC(50)   Pre Evacuate Collection Set: 0.0ms
[2026-05-15T08:49:41.094+0800][gc,phases     ] GC(50)   Evacuate Collection Set: 0.4ms
[2026-05-15T08:49:41.094+0800][gc,phases     ] GC(50)   Post Evacuate Collection Set: 0.2ms
[2026-05-15T08:49:41.094+0800][gc,phases     ] GC(50)   Other: 0.1ms
[2026-05-15T08:49:41.094+0800][gc,heap       ] GC(50) Eden regions: 255->0(255)
[2026-05-15T08:49:41.094+0800][gc,heap       ] GC(50) Survivor regions: 1->1(32)
[2026-05-15T08:49:41.094+0800][gc,heap       ] GC(50) Old regions: 45->45
[2026-05-15T08:49:41.094+0800][gc,heap       ] GC(50) Humongous regions: 4->4
[2026-05-15T08:49:41.094+0800][gc,metaspace  ] GC(50) Metaspace: 83765K(86104K)->83765K(86104K) NonClass: 74549K(75736K)->74549K(75736K) Class: 9215K(10368K)->9215K(10368K)
[2026-05-15T08:49:41.094+0800][gc            ] GC(50) Pause Young (Normal) (G1 Evacuation Pause) 303M->48M(512M) 0.750ms
[2026-05-15T08:49:41.094+0800][gc,cpu        ] GC(50) User=0.00s Sys=0.00s Real=0.00s
[2026-05-15T11:31:01.739+0800][gc,start      ] GC(51) Pause Young (Normal) (G1 Evacuation Pause)
[2026-05-15T11:31:01.739+0800][gc,task       ] GC(51) Using 10 workers of 10 for evacuation
[2026-05-15T11:31:01.740+0800][gc,phases     ] GC(51)   Pre Evacuate Collection Set: 0.0ms
[2026-05-15T11:31:01.740+0800][gc,phases     ] GC(51)   Evacuate Collection Set: 0.4ms
[2026-05-15T11:31:01.740+0800][gc,phases     ] GC(51)   Post Evacuate Collection Set: 0.2ms
[2026-05-15T11:31:01.740+0800][gc,phases     ] GC(51)   Other: 0.1ms
[2026-05-15T11:31:01.740+0800][gc,heap       ] GC(51) Eden regions: 255->0(255)
[2026-05-15T11:31:01.740+0800][gc,heap       ] GC(51) Survivor regions: 1->1(32)
[2026-05-15T11:31:01.740+0800][gc,heap       ] GC(51) Old regions: 45->45
[2026-05-15T11:31:01.740+0800][gc,heap       ] GC(51) Humongous regions: 4->4
[2026-05-15T11:31:01.740+0800][gc,metaspace  ] GC(51) Metaspace: 83767K(86104K)->83767K(86104K) NonClass: 74551K(75736K)->74551K(75736K) Class: 9215K(10368K)->9215K(10368K)
[2026-05-15T11:31:01.740+0800][gc            ] GC(51) Pause Young (Normal) (G1 Evacuation Pause) 303M->48M(512M) 0.709ms
[2026-05-15T11:31:01.740+0800][gc,cpu        ] GC(51) User=0.00s Sys=0.00s Real=0.00s
[2026-05-15T14:12:21.995+0800][gc,start      ] GC(52) Pause Young (Normal) (G1 Evacuation Pause)
[2026-05-15T14:12:21.995+0800][gc,task       ] GC(52) Using 10 workers of 10 for evacuation
[2026-05-15T14:12:21.996+0800][gc,phases     ] GC(52)   Pre Evacuate Collection Set: 0.0ms
[2026-05-15T14:12:21.996+0800][gc,phases     ] GC(52)   Evacuate Collection Set: 0.3ms
[2026-05-15T14:12:21.996+0800][gc,phases     ] GC(52)   Post Evacuate Collection Set: 0.2ms
[2026-05-15T14:12:21.996+0800][gc,phases     ] GC(52)   Other: 0.1ms
[2026-05-15T14:12:21.996+0800][gc,heap       ] GC(52) Eden regions: 255->0(255)
[2026-05-15T14:12:21.996+0800][gc,heap       ] GC(52) Survivor regions: 1->1(32)
[2026-05-15T14:12:21.996+0800][gc,heap       ] GC(52) Old regions: 45->45
[2026-05-15T14:12:21.996+0800][gc,heap       ] GC(52) Humongous regions: 4->4
[2026-05-15T14:12:21.996+0800][gc,metaspace  ] GC(52) Metaspace: 83767K(86104K)->83767K(86104K) NonClass: 74551K(75736K)->74551K(75736K) Class: 9215K(10368K)->9215K(10368K)
[2026-05-15T14:12:21.996+0800][gc            ] GC(52) Pause Young (Normal) (G1 Evacuation Pause) 303M->48M(512M) 0.660ms
[2026-05-15T14:12:21.996+0800][gc,cpu        ] GC(52) User=0.01s Sys=0.00s Real=0.00s
[2026-05-15T16:53:10.060+0800][gc,start      ] GC(53) Pause Young (Normal) (G1 Evacuation Pause)
[2026-05-15T16:53:10.060+0800][gc,task       ] GC(53) Using 10 workers of 10 for evacuation
[2026-05-15T16:53:10.061+0800][gc,phases     ] GC(53)   Pre Evacuate Collection Set: 0.0ms
[2026-05-15T16:53:10.061+0800][gc,phases     ] GC(53)   Evacuate Collection Set: 0.4ms
[2026-05-15T16:53:10.061+0800][gc,phases     ] GC(53)   Post Evacuate Collection Set: 0.2ms
[2026-05-15T16:53:10.061+0800][gc,phases     ] GC(53)   Other: 0.2ms
[2026-05-15T16:53:10.061+0800][gc,heap       ] GC(53) Eden regions: 255->0(255)
[2026-05-15T16:53:10.061+0800][gc,heap       ] GC(53) Survivor regions: 1->1(32)
[2026-05-15T16:53:10.061+0800][gc,heap       ] GC(53) Old regions: 45->45
[2026-05-15T16:53:10.061+0800][gc,heap       ] GC(53) Humongous regions: 4->4
[2026-05-15T16:53:10.061+0800][gc,metaspace  ] GC(53) Metaspace: 83767K(86104K)->83767K(86104K) NonClass: 74551K(75736K)->74551K(75736K) Class: 9215K(10368K)->9215K(10368K)
[2026-05-15T16:53:10.061+0800][gc            ] GC(53) Pause Young (Normal) (G1 Evacuation Pause) 303M->48M(512M) 0.816ms
[2026-05-15T16:53:10.061+0800][gc,cpu        ] GC(53) User=0.00s Sys=0.00s Real=0.00s
[2026-05-15T19:34:31.960+0800][gc,start      ] GC(54) Pause Young (Normal) (G1 Evacuation Pause)
[2026-05-15T19:34:31.960+0800][gc,task       ] GC(54) Using 10 workers of 10 for evacuation
[2026-05-15T19:34:31.960+0800][gc,phases     ] GC(54)   Pre Evacuate Collection Set: 0.0ms
[2026-05-15T19:34:31.960+0800][gc,phases     ] GC(54)   Evacuate Collection Set: 0.4ms
[2026-05-15T19:34:31.960+0800][gc,phases     ] GC(54)   Post Evacuate Collection Set: 0.2ms
[2026-05-15T19:34:31.960+0800][gc,phases     ] GC(54)   Other: 0.2ms
[2026-05-15T19:34:31.960+0800][gc,heap       ] GC(54) Eden regions: 255->0(255)
[2026-05-15T19:34:31.960+0800][gc,heap       ] GC(54) Survivor regions: 1->1(32)
[2026-05-15T19:34:31.960+0800][gc,heap       ] GC(54) Old regions: 45->45
[2026-05-15T19:34:31.960+0800][gc,heap       ] GC(54) Humongous regions: 4->4
[2026-05-15T19:34:31.960+0800][gc,metaspace  ] GC(54) Metaspace: 83767K(86104K)->83767K(86104K) NonClass: 74551K(75736K)->74551K(75736K) Class: 9215K(10368K)->9215K(10368K)
[2026-05-15T19:34:31.960+0800][gc            ] GC(54) Pause Young (Normal) (G1 Evacuation Pause) 303M->48M(512M) 0.803ms
[2026-05-15T19:34:31.961+0800][gc,cpu        ] GC(54) User=0.01s Sys=0.00s Real=0.00s
[2026-05-15T22:15:44.169+0800][gc,start      ] GC(55) Pause Young (Normal) (G1 Evacuation Pause)
[2026-05-15T22:15:44.169+0800][gc,task       ] GC(55) Using 10 workers of 10 for evacuation
[2026-05-15T22:15:44.169+0800][gc,phases     ] GC(55)   Pre Evacuate Collection Set: 0.0ms
[2026-05-15T22:15:44.169+0800][gc,phases     ] GC(55)   Evacuate Collection Set: 0.4ms
[2026-05-15T22:15:44.169+0800][gc,phases     ] GC(55)   Post Evacuate Collection Set: 0.2ms
[2026-05-15T22:15:44.169+0800][gc,phases     ] GC(55)   Other: 0.1ms
[2026-05-15T22:15:44.169+0800][gc,heap       ] GC(55) Eden regions: 255->0(255)
[2026-05-15T22:15:44.169+0800][gc,heap       ] GC(55) Survivor regions: 1->1(32)
[2026-05-15T22:15:44.169+0800][gc,heap       ] GC(55) Old regions: 45->45
[2026-05-15T22:15:44.169+0800][gc,heap       ] GC(55) Humongous regions: 4->4
[2026-05-15T22:15:44.169+0800][gc,metaspace  ] GC(55) Metaspace: 83767K(86104K)->83767K(86104K) NonClass: 74551K(75736K)->74551K(75736K) Class: 9215K(10368K)->9215K(10368K)
[2026-05-15T22:15:44.169+0800][gc            ] GC(55) Pause Young (Normal) (G1 Evacuation Pause) 303M->48M(512M) 0.717ms
[2026-05-15T22:15:44.169+0800][gc,cpu        ] GC(55) User=0.00s Sys=0.00s Real=0.00s
[2026-05-16T00:53:28.776+0800][gc,start      ] GC(56) Pause Young (Normal) (G1 Evacuation Pause)
[2026-05-16T00:53:28.776+0800][gc,task       ] GC(56) Using 10 workers of 10 for evacuation
[2026-05-16T00:53:28.776+0800][gc,phases     ] GC(56)   Pre Evacuate Collection Set: 0.0ms
[2026-05-16T00:53:28.776+0800][gc,phases     ] GC(56)   Evacuate Collection Set: 0.4ms
[2026-05-16T00:53:28.776+0800][gc,phases     ] GC(56)   Post Evacuate Collection Set: 0.2ms
[2026-05-16T00:53:28.776+0800][gc,phases     ] GC(56)   Other: 0.1ms
[2026-05-16T00:53:28.776+0800][gc,heap       ] GC(56) Eden regions: 255->0(255)
[2026-05-16T00:53:28.776+0800][gc,heap       ] GC(56) Survivor regions: 1->1(32)
[2026-05-16T00:53:28.776+0800][gc,heap       ] GC(56) Old regions: 45->45
[2026-05-16T00:53:28.776+0800][gc,heap       ] GC(56) Humongous regions: 4->4
[2026-05-16T00:53:28.776+0800][gc,metaspace  ] GC(56) Metaspace: 83767K(86104K)->83767K(86104K) NonClass: 74551K(75736K)->74551K(75736K) Class: 9215K(10368K)->9215K(10368K)
[2026-05-16T00:53:28.776+0800][gc            ] GC(56) Pause Young (Normal) (G1 Evacuation Pause) 303M->48M(512M) 0.723ms
[2026-05-16T00:53:28.776+0800][gc,cpu        ] GC(56) User=0.00s Sys=0.00s Real=0.00s
[2026-05-16T03:34:10.962+0800][gc,start      ] GC(57) Pause Young (Normal) (G1 Evacuation Pause)
[2026-05-16T03:34:10.962+0800][gc,task       ] GC(57) Using 10 workers of 10 for evacuation
[2026-05-16T03:34:10.963+0800][gc,phases     ] GC(57)   Pre Evacuate Collection Set: 0.0ms
[2026-05-16T03:34:10.963+0800][gc,phases     ] GC(57)   Evacuate Collection Set: 0.4ms
[2026-05-16T03:34:10.963+0800][gc,phases     ] GC(57)   Post Evacuate Collection Set: 0.2ms
[2026-05-16T03:34:10.963+0800][gc,phases     ] GC(57)   Other: 0.2ms
[2026-05-16T03:34:10.963+0800][gc,heap       ] GC(57) Eden regions: 255->0(255)
[2026-05-16T03:34:10.963+0800][gc,heap       ] GC(57) Survivor regions: 1->1(32)
[2026-05-16T03:34:10.963+0800][gc,heap       ] GC(57) Old regions: 45->45
[2026-05-16T03:34:10.963+0800][gc,heap       ] GC(57) Humongous regions: 4->4
[2026-05-16T03:34:10.963+0800][gc,metaspace  ] GC(57) Metaspace: 83767K(86104K)->83767K(86104K) NonClass: 74551K(75736K)->74551K(75736K) Class: 9215K(10368K)->9215K(10368K)
[2026-05-16T03:34:10.963+0800][gc            ] GC(57) Pause Young (Normal) (G1 Evacuation Pause) 303M->48M(512M) 0.758ms
[2026-05-16T03:34:10.963+0800][gc,cpu        ] GC(57) User=0.00s Sys=0.00s Real=0.00s
[2026-05-16T06:15:31.374+0800][gc,start      ] GC(58) Pause Young (Normal) (G1 Evacuation Pause)
[2026-05-16T06:15:31.374+0800][gc,task       ] GC(58) Using 10 workers of 10 for evacuation
[2026-05-16T06:15:31.375+0800][gc,phases     ] GC(58)   Pre Evacuate Collection Set: 0.0ms
[2026-05-16T06:15:31.375+0800][gc,phases     ] GC(58)   Evacuate Collection Set: 0.3ms
[2026-05-16T06:15:31.375+0800][gc,phases     ] GC(58)   Post Evacuate Collection Set: 0.2ms
[2026-05-16T06:15:31.375+0800][gc,phases     ] GC(58)   Other: 0.1ms
[2026-05-16T06:15:31.375+0800][gc,heap       ] GC(58) Eden regions: 255->0(255)
[2026-05-16T06:15:31.375+0800][gc,heap       ] GC(58) Survivor regions: 1->1(32)
[2026-05-16T06:15:31.375+0800][gc,heap       ] GC(58) Old regions: 45->45
[2026-05-16T06:15:31.375+0800][gc,heap       ] GC(58) Humongous regions: 4->4
[2026-05-16T06:15:31.375+0800][gc,metaspace  ] GC(58) Metaspace: 83768K(86104K)->83768K(86104K) NonClass: 74552K(75736K)->74552K(75736K) Class: 9215K(10368K)->9215K(10368K)
[2026-05-16T06:15:31.375+0800][gc            ] GC(58) Pause Young (Normal) (G1 Evacuation Pause) 303M->48M(512M) 0.718ms
[2026-05-16T06:15:31.375+0800][gc,cpu        ] GC(58) User=0.00s Sys=0.00s Real=0.00s
[2026-05-16T08:56:55.862+0800][gc,start      ] GC(59) Pause Young (Normal) (G1 Evacuation Pause)
[2026-05-16T08:56:55.862+0800][gc,task       ] GC(59) Using 10 workers of 10 for evacuation
[2026-05-16T08:56:55.862+0800][gc,phases     ] GC(59)   Pre Evacuate Collection Set: 0.0ms
[2026-05-16T08:56:55.862+0800][gc,phases     ] GC(59)   Evacuate Collection Set: 0.4ms
[2026-05-16T08:56:55.862+0800][gc,phases     ] GC(59)   Post Evacuate Collection Set: 0.2ms
[2026-05-16T08:56:55.862+0800][gc,phases     ] GC(59)   Other: 0.1ms
[2026-05-16T08:56:55.862+0800][gc,heap       ] GC(59) Eden regions: 255->0(255)
[2026-05-16T08:56:55.862+0800][gc,heap       ] GC(59) Survivor regions: 1->1(32)
[2026-05-16T08:56:55.862+0800][gc,heap       ] GC(59) Old regions: 45->45
[2026-05-16T08:56:55.862+0800][gc,heap       ] GC(59) Humongous regions: 4->4
[2026-05-16T08:56:55.862+0800][gc,metaspace  ] GC(59) Metaspace: 83771K(86104K)->83771K(86104K) NonClass: 74555K(75736K)->74555K(75736K) Class: 9215K(10368K)->9215K(10368K)
[2026-05-16T08:56:55.863+0800][gc            ] GC(59) Pause Young (Normal) (G1 Evacuation Pause) 303M->48M(512M) 0.755ms
[2026-05-16T08:56:55.863+0800][gc,cpu        ] GC(59) User=0.00s Sys=0.00s Real=0.00s
[2026-05-16T11:38:08.912+0800][gc,start      ] GC(60) Pause Young (Normal) (G1 Evacuation Pause)
[2026-05-16T11:38:08.912+0800][gc,task       ] GC(60) Using 10 workers of 10 for evacuation
[2026-05-16T11:38:08.912+0800][gc,phases     ] GC(60)   Pre Evacuate Collection Set: 0.0ms
[2026-05-16T11:38:08.912+0800][gc,phases     ] GC(60)   Evacuate Collection Set: 0.4ms
[2026-05-16T11:38:08.912+0800][gc,phases     ] GC(60)   Post Evacuate Collection Set: 0.2ms
[2026-05-16T11:38:08.912+0800][gc,phases     ] GC(60)   Other: 0.1ms
[2026-05-16T11:38:08.912+0800][gc,heap       ] GC(60) Eden regions: 255->0(255)
[2026-05-16T11:38:08.912+0800][gc,heap       ] GC(60) Survivor regions: 1->1(32)
[2026-05-16T11:38:08.912+0800][gc,heap       ] GC(60) Old regions: 45->45
[2026-05-16T11:38:08.912+0800][gc,heap       ] GC(60) Humongous regions: 4->4
[2026-05-16T11:38:08.912+0800][gc,metaspace  ] GC(60) Metaspace: 83771K(86104K)->83771K(86104K) NonClass: 74555K(75736K)->74555K(75736K) Class: 9215K(10368K)->9215K(10368K)
[2026-05-16T11:38:08.912+0800][gc            ] GC(60) Pause Young (Normal) (G1 Evacuation Pause) 303M->48M(512M) 0.736ms
[2026-05-16T11:38:08.912+0800][gc,cpu        ] GC(60) User=0.00s Sys=0.00s Real=0.00s
[2026-05-16T14:19:18.779+0800][gc,start      ] GC(61) Pause Young (Normal) (G1 Evacuation Pause)
[2026-05-16T14:19:18.779+0800][gc,task       ] GC(61) Using 10 workers of 10 for evacuation
[2026-05-16T14:19:18.779+0800][gc,phases     ] GC(61)   Pre Evacuate Collection Set: 0.0ms
[2026-05-16T14:19:18.779+0800][gc,phases     ] GC(61)   Evacuate Collection Set: 0.4ms
[2026-05-16T14:19:18.779+0800][gc,phases     ] GC(61)   Post Evacuate Collection Set: 0.2ms
[2026-05-16T14:19:18.779+0800][gc,phases     ] GC(61)   Other: 0.1ms
[2026-05-16T14:19:18.779+0800][gc,heap       ] GC(61) Eden regions: 255->0(255)
[2026-05-16T14:19:18.779+0800][gc,heap       ] GC(61) Survivor regions: 1->1(32)
[2026-05-16T14:19:18.779+0800][gc,heap       ] GC(61) Old regions: 45->45
[2026-05-16T14:19:18.779+0800][gc,heap       ] GC(61) Humongous regions: 4->4
[2026-05-16T14:19:18.779+0800][gc,metaspace  ] GC(61) Metaspace: 83771K(86104K)->83771K(86104K) NonClass: 74555K(75736K)->74555K(75736K) Class: 9215K(10368K)->9215K(10368K)
[2026-05-16T14:19:18.779+0800][gc            ] GC(61) Pause Young (Normal) (G1 Evacuation Pause) 303M->48M(512M) 0.710ms
[2026-05-16T14:19:18.779+0800][gc,cpu        ] GC(61) User=0.01s Sys=0.00s Real=0.00s
[2026-05-16T17:00:30.060+0800][gc,start      ] GC(62) Pause Young (Normal) (G1 Evacuation Pause)
[2026-05-16T17:00:30.060+0800][gc,task       ] GC(62) Using 10 workers of 10 for evacuation
[2026-05-16T17:00:30.061+0800][gc,phases     ] GC(62)   Pre Evacuate Collection Set: 0.0ms
[2026-05-16T17:00:30.061+0800][gc,phases     ] GC(62)   Evacuate Collection Set: 0.4ms
[2026-05-16T17:00:30.061+0800][gc,phases     ] GC(62)   Post Evacuate Collection Set: 0.2ms
[2026-05-16T17:00:30.061+0800][gc,phases     ] GC(62)   Other: 0.2ms
[2026-05-16T17:00:30.061+0800][gc,heap       ] GC(62) Eden regions: 255->0(255)
[2026-05-16T17:00:30.061+0800][gc,heap       ] GC(62) Survivor regions: 1->1(32)
[2026-05-16T17:00:30.061+0800][gc,heap       ] GC(62) Old regions: 45->45
[2026-05-16T17:00:30.061+0800][gc,heap       ] GC(62) Humongous regions: 4->4
[2026-05-16T17:00:30.061+0800][gc,metaspace  ] GC(62) Metaspace: 83771K(86104K)->83771K(86104K) NonClass: 74555K(75736K)->74555K(75736K) Class: 9215K(10368K)->9215K(10368K)
[2026-05-16T17:00:30.061+0800][gc            ] GC(62) Pause Young (Normal) (G1 Evacuation Pause) 303M->48M(512M) 0.751ms
[2026-05-16T17:00:30.061+0800][gc,cpu        ] GC(62) User=0.01s Sys=0.00s Real=0.00s
[2026-05-16T19:41:52.098+0800][gc,start      ] GC(63) Pause Young (Normal) (G1 Evacuation Pause)
[2026-05-16T19:41:52.098+0800][gc,task       ] GC(63) Using 10 workers of 10 for evacuation
[2026-05-16T19:41:52.099+0800][gc,phases     ] GC(63)   Pre Evacuate Collection Set: 0.0ms
[2026-05-16T19:41:52.099+0800][gc,phases     ] GC(63)   Evacuate Collection Set: 0.4ms
[2026-05-16T19:41:52.099+0800][gc,phases     ] GC(63)   Post Evacuate Collection Set: 0.2ms
[2026-05-16T19:41:52.099+0800][gc,phases     ] GC(63)   Other: 0.1ms
[2026-05-16T19:41:52.099+0800][gc,heap       ] GC(63) Eden regions: 255->0(255)
[2026-05-16T19:41:52.099+0800][gc,heap       ] GC(63) Survivor regions: 1->1(32)
[2026-05-16T19:41:52.099+0800][gc,heap       ] GC(63) Old regions: 45->45
[2026-05-16T19:41:52.099+0800][gc,heap       ] GC(63) Humongous regions: 4->4
[2026-05-16T19:41:52.099+0800][gc,metaspace  ] GC(63) Metaspace: 83771K(86104K)->83771K(86104K) NonClass: 74555K(75736K)->74555K(75736K) Class: 9215K(10368K)->9215K(10368K)
[2026-05-16T19:41:52.099+0800][gc            ] GC(63) Pause Young (Normal) (G1 Evacuation Pause) 303M->48M(512M) 0.742ms
[2026-05-16T19:41:52.099+0800][gc,cpu        ] GC(63) User=0.00s Sys=0.00s Real=0.00s
[2026-05-16T22:22:53.627+0800][gc,start      ] GC(64) Pause Young (Normal) (G1 Evacuation Pause)
[2026-05-16T22:22:53.627+0800][gc,task       ] GC(64) Using 10 workers of 10 for evacuation
[2026-05-16T22:22:53.628+0800][gc,phases     ] GC(64)   Pre Evacuate Collection Set: 0.0ms
[2026-05-16T22:22:53.628+0800][gc,phases     ] GC(64)   Evacuate Collection Set: 0.4ms
[2026-05-16T22:22:53.628+0800][gc,phases     ] GC(64)   Post Evacuate Collection Set: 0.2ms
[2026-05-16T22:22:53.628+0800][gc,phases     ] GC(64)   Other: 0.1ms
[2026-05-16T22:22:53.628+0800][gc,heap       ] GC(64) Eden regions: 255->0(255)
[2026-05-16T22:22:53.628+0800][gc,heap       ] GC(64) Survivor regions: 1->1(32)
[2026-05-16T22:22:53.628+0800][gc,heap       ] GC(64) Old regions: 45->45
[2026-05-16T22:22:53.628+0800][gc,heap       ] GC(64) Humongous regions: 4->4
[2026-05-16T22:22:53.628+0800][gc,metaspace  ] GC(64) Metaspace: 83772K(86104K)->83772K(86104K) NonClass: 74556K(75736K)->74556K(75736K) Class: 9215K(10368K)->9215K(10368K)
[2026-05-16T22:22:53.628+0800][gc            ] GC(64) Pause Young (Normal) (G1 Evacuation Pause) 303M->48M(512M) 0.739ms
[2026-05-16T22:22:53.628+0800][gc,cpu        ] GC(64) User=0.00s Sys=0.00s Real=0.01s
[2026-05-17T01:00:54.123+0800][gc,start      ] GC(65) Pause Young (Normal) (G1 Evacuation Pause)
[2026-05-17T01:00:54.123+0800][gc,task       ] GC(65) Using 10 workers of 10 for evacuation
[2026-05-17T01:00:54.123+0800][gc,phases     ] GC(65)   Pre Evacuate Collection Set: 0.0ms
[2026-05-17T01:00:54.123+0800][gc,phases     ] GC(65)   Evacuate Collection Set: 0.4ms
[2026-05-17T01:00:54.123+0800][gc,phases     ] GC(65)   Post Evacuate Collection Set: 0.2ms
[2026-05-17T01:00:54.123+0800][gc,phases     ] GC(65)   Other: 0.1ms
[2026-05-17T01:00:54.123+0800][gc,heap       ] GC(65) Eden regions: 255->0(255)
[2026-05-17T01:00:54.123+0800][gc,heap       ] GC(65) Survivor regions: 1->1(32)
[2026-05-17T01:00:54.123+0800][gc,heap       ] GC(65) Old regions: 45->45
[2026-05-17T01:00:54.123+0800][gc,heap       ] GC(65) Humongous regions: 4->4
[2026-05-17T01:00:54.123+0800][gc,metaspace  ] GC(65) Metaspace: 83774K(86104K)->83774K(86104K) NonClass: 74558K(75736K)->74558K(75736K) Class: 9215K(10368K)->9215K(10368K)
[2026-05-17T01:00:54.123+0800][gc            ] GC(65) Pause Young (Normal) (G1 Evacuation Pause) 303M->48M(512M) 0.684ms
[2026-05-17T01:00:54.123+0800][gc,cpu        ] GC(65) User=0.01s Sys=0.00s Real=0.00s
[2026-05-17T03:42:16.497+0800][gc,start      ] GC(66) Pause Young (Normal) (G1 Evacuation Pause)
[2026-05-17T03:42:16.498+0800][gc,task       ] GC(66) Using 10 workers of 10 for evacuation
[2026-05-17T03:42:16.498+0800][gc,phases     ] GC(66)   Pre Evacuate Collection Set: 0.0ms
[2026-05-17T03:42:16.498+0800][gc,phases     ] GC(66)   Evacuate Collection Set: 0.4ms
[2026-05-17T03:42:16.498+0800][gc,phases     ] GC(66)   Post Evacuate Collection Set: 0.2ms
[2026-05-17T03:42:16.498+0800][gc,phases     ] GC(66)   Other: 0.1ms
[2026-05-17T03:42:16.498+0800][gc,heap       ] GC(66) Eden regions: 255->0(255)
[2026-05-17T03:42:16.498+0800][gc,heap       ] GC(66) Survivor regions: 1->1(32)
[2026-05-17T03:42:16.498+0800][gc,heap       ] GC(66) Old regions: 45->45
[2026-05-17T03:42:16.498+0800][gc,heap       ] GC(66) Humongous regions: 4->4
[2026-05-17T03:42:16.498+0800][gc,metaspace  ] GC(66) Metaspace: 83774K(86104K)->83774K(86104K) NonClass: 74558K(75736K)->74558K(75736K) Class: 9215K(10368K)->9215K(10368K)
[2026-05-17T03:42:16.498+0800][gc            ] GC(66) Pause Young (Normal) (G1 Evacuation Pause) 303M->48M(512M) 0.740ms
[2026-05-17T03:42:16.498+0800][gc,cpu        ] GC(66) User=0.00s Sys=0.00s Real=0.00s
[2026-05-17T06:23:48.689+0800][gc,start      ] GC(67) Pause Young (Normal) (G1 Evacuation Pause)
[2026-05-17T06:23:48.689+0800][gc,task       ] GC(67) Using 10 workers of 10 for evacuation
[2026-05-17T06:23:48.689+0800][gc,phases     ] GC(67)   Pre Evacuate Collection Set: 0.0ms
[2026-05-17T06:23:48.689+0800][gc,phases     ] GC(67)   Evacuate Collection Set: 0.4ms
[2026-05-17T06:23:48.689+0800][gc,phases     ] GC(67)   Post Evacuate Collection Set: 0.2ms
[2026-05-17T06:23:48.689+0800][gc,phases     ] GC(67)   Other: 0.1ms
[2026-05-17T06:23:48.689+0800][gc,heap       ] GC(67) Eden regions: 255->0(255)
[2026-05-17T06:23:48.689+0800][gc,heap       ] GC(67) Survivor regions: 1->1(32)
[2026-05-17T06:23:48.689+0800][gc,heap       ] GC(67) Old regions: 45->45
[2026-05-17T06:23:48.689+0800][gc,heap       ] GC(67) Humongous regions: 4->4
[2026-05-17T06:23:48.689+0800][gc,metaspace  ] GC(67) Metaspace: 83774K(86104K)->83774K(86104K) NonClass: 74558K(75736K)->74558K(75736K) Class: 9215K(10368K)->9215K(10368K)
[2026-05-17T06:23:48.689+0800][gc            ] GC(67) Pause Young (Normal) (G1 Evacuation Pause) 303M->48M(512M) 0.771ms
[2026-05-17T06:23:48.689+0800][gc,cpu        ] GC(67) User=0.01s Sys=0.00s Real=0.00s
[2026-05-17T09:05:14.080+0800][gc,start      ] GC(68) Pause Young (Normal) (G1 Evacuation Pause)
[2026-05-17T09:05:14.080+0800][gc,task       ] GC(68) Using 10 workers of 10 for evacuation
[2026-05-17T09:05:14.081+0800][gc,phases     ] GC(68)   Pre Evacuate Collection Set: 0.0ms
[2026-05-17T09:05:14.081+0800][gc,phases     ] GC(68)   Evacuate Collection Set: 0.4ms
[2026-05-17T09:05:14.081+0800][gc,phases     ] GC(68)   Post Evacuate Collection Set: 0.2ms
[2026-05-17T09:05:14.081+0800][gc,phases     ] GC(68)   Other: 0.1ms
[2026-05-17T09:05:14.081+0800][gc,heap       ] GC(68) Eden regions: 255->0(255)
[2026-05-17T09:05:14.081+0800][gc,heap       ] GC(68) Survivor regions: 1->1(32)
[2026-05-17T09:05:14.081+0800][gc,heap       ] GC(68) Old regions: 45->45
[2026-05-17T09:05:14.081+0800][gc,heap       ] GC(68) Humongous regions: 4->4
[2026-05-17T09:05:14.081+0800][gc,metaspace  ] GC(68) Metaspace: 83774K(86104K)->83774K(86104K) NonClass: 74559K(75736K)->74559K(75736K) Class: 9215K(10368K)->9215K(10368K)
[2026-05-17T09:05:14.081+0800][gc            ] GC(68) Pause Young (Normal) (G1 Evacuation Pause) 303M->48M(512M) 0.776ms
[2026-05-17T09:05:14.081+0800][gc,cpu        ] GC(68) User=0.00s Sys=0.00s Real=0.00s
[2026-05-17T11:46:28.588+0800][gc,start      ] GC(69) Pause Young (Normal) (G1 Evacuation Pause)
[2026-05-17T11:46:28.588+0800][gc,task       ] GC(69) Using 10 workers of 10 for evacuation
[2026-05-17T11:46:28.589+0800][gc,phases     ] GC(69)   Pre Evacuate Collection Set: 0.0ms
[2026-05-17T11:46:28.589+0800][gc,phases     ] GC(69)   Evacuate Collection Set: 0.4ms
[2026-05-17T11:46:28.589+0800][gc,phases     ] GC(69)   Post Evacuate Collection Set: 0.2ms
[2026-05-17T11:46:28.589+0800][gc,phases     ] GC(69)   Other: 0.1ms
[2026-05-17T11:46:28.589+0800][gc,heap       ] GC(69) Eden regions: 255->0(255)
[2026-05-17T11:46:28.589+0800][gc,heap       ] GC(69) Survivor regions: 1->1(32)
[2026-05-17T11:46:28.589+0800][gc,heap       ] GC(69) Old regions: 45->45
[2026-05-17T11:46:28.589+0800][gc,heap       ] GC(69) Humongous regions: 4->4
[2026-05-17T11:46:28.589+0800][gc,metaspace  ] GC(69) Metaspace: 83774K(86104K)->83774K(86104K) NonClass: 74559K(75736K)->74559K(75736K) Class: 9215K(10368K)->9215K(10368K)
[2026-05-17T11:46:28.589+0800][gc            ] GC(69) Pause Young (Normal) (G1 Evacuation Pause) 303M->48M(512M) 0.739ms
[2026-05-17T11:46:28.589+0800][gc,cpu        ] GC(69) User=0.00s Sys=0.00s Real=0.00s
[2026-05-17T14:27:39.564+0800][gc,start      ] GC(70) Pause Young (Normal) (G1 Evacuation Pause)
[2026-05-17T14:27:39.564+0800][gc,task       ] GC(70) Using 10 workers of 10 for evacuation
[2026-05-17T14:27:39.565+0800][gc,phases     ] GC(70)   Pre Evacuate Collection Set: 0.0ms
[2026-05-17T14:27:39.565+0800][gc,phases     ] GC(70)   Evacuate Collection Set: 0.4ms
[2026-05-17T14:27:39.565+0800][gc,phases     ] GC(70)   Post Evacuate Collection Set: 0.2ms
[2026-05-17T14:27:39.565+0800][gc,phases     ] GC(70)   Other: 0.1ms
[2026-05-17T14:27:39.565+0800][gc,heap       ] GC(70) Eden regions: 255->0(255)
[2026-05-17T14:27:39.565+0800][gc,heap       ] GC(70) Survivor regions: 1->1(32)
[2026-05-17T14:27:39.565+0800][gc,heap       ] GC(70) Old regions: 45->45
[2026-05-17T14:27:39.565+0800][gc,heap       ] GC(70) Humongous regions: 4->4
[2026-05-17T14:27:39.565+0800][gc,metaspace  ] GC(70) Metaspace: 83776K(86104K)->83776K(86104K) NonClass: 74560K(75736K)->74560K(75736K) Class: 9215K(10368K)->9215K(10368K)
[2026-05-17T14:27:39.565+0800][gc            ] GC(70) Pause Young (Normal) (G1 Evacuation Pause) 303M->48M(512M) 0.709ms
[2026-05-17T14:27:39.565+0800][gc,cpu        ] GC(70) User=0.00s Sys=0.00s Real=0.00s
[2026-05-17T17:08:56.189+0800][gc,start      ] GC(71) Pause Young (Normal) (G1 Evacuation Pause)
[2026-05-17T17:08:56.189+0800][gc,task       ] GC(71) Using 10 workers of 10 for evacuation
[2026-05-17T17:08:56.190+0800][gc,phases     ] GC(71)   Pre Evacuate Collection Set: 0.0ms
[2026-05-17T17:08:56.190+0800][gc,phases     ] GC(71)   Evacuate Collection Set: 0.4ms
[2026-05-17T17:08:56.190+0800][gc,phases     ] GC(71)   Post Evacuate Collection Set: 0.2ms
[2026-05-17T17:08:56.190+0800][gc,phases     ] GC(71)   Other: 0.1ms
[2026-05-17T17:08:56.190+0800][gc,heap       ] GC(71) Eden regions: 255->0(255)
[2026-05-17T17:08:56.190+0800][gc,heap       ] GC(71) Survivor regions: 1->1(32)
[2026-05-17T17:08:56.190+0800][gc,heap       ] GC(71) Old regions: 45->45
[2026-05-17T17:08:56.190+0800][gc,heap       ] GC(71) Humongous regions: 4->4
[2026-05-17T17:08:56.190+0800][gc,metaspace  ] GC(71) Metaspace: 83777K(86104K)->83777K(86104K) NonClass: 74562K(75736K)->74562K(75736K) Class: 9215K(10368K)->9215K(10368K)
[2026-05-17T17:08:56.190+0800][gc            ] GC(71) Pause Young (Normal) (G1 Evacuation Pause) 303M->48M(512M) 0.734ms
[2026-05-17T17:08:56.190+0800][gc,cpu        ] GC(71) User=0.01s Sys=0.00s Real=0.00s
[2026-05-17T19:50:09.389+0800][gc,start      ] GC(72) Pause Young (Normal) (G1 Evacuation Pause)
[2026-05-17T19:50:09.389+0800][gc,task       ] GC(72) Using 10 workers of 10 for evacuation
[2026-05-17T19:50:09.390+0800][gc,phases     ] GC(72)   Pre Evacuate Collection Set: 0.0ms
[2026-05-17T19:50:09.390+0800][gc,phases     ] GC(72)   Evacuate Collection Set: 0.4ms
[2026-05-17T19:50:09.390+0800][gc,phases     ] GC(72)   Post Evacuate Collection Set: 0.2ms
[2026-05-17T19:50:09.390+0800][gc,phases     ] GC(72)   Other: 0.2ms
[2026-05-17T19:50:09.390+0800][gc,heap       ] GC(72) Eden regions: 255->0(255)
[2026-05-17T19:50:09.390+0800][gc,heap       ] GC(72) Survivor regions: 1->1(32)
[2026-05-17T19:50:09.390+0800][gc,heap       ] GC(72) Old regions: 45->45
[2026-05-17T19:50:09.390+0800][gc,heap       ] GC(72) Humongous regions: 4->4
[2026-05-17T19:50:09.390+0800][gc,metaspace  ] GC(72) Metaspace: 83778K(86104K)->83778K(86104K) NonClass: 74562K(75736K)->74562K(75736K) Class: 9215K(10368K)->9215K(10368K)
[2026-05-17T19:50:09.390+0800][gc            ] GC(72) Pause Young (Normal) (G1 Evacuation Pause) 303M->48M(512M) 0.726ms
[2026-05-17T19:50:09.390+0800][gc,cpu        ] GC(72) User=0.00s Sys=0.00s Real=0.00s
[2026-05-17T22:31:20.686+0800][gc,start      ] GC(73) Pause Young (Normal) (G1 Evacuation Pause)
[2026-05-17T22:31:20.686+0800][gc,task       ] GC(73) Using 10 workers of 10 for evacuation
[2026-05-17T22:31:20.686+0800][gc,phases     ] GC(73)   Pre Evacuate Collection Set: 0.0ms
[2026-05-17T22:31:20.686+0800][gc,phases     ] GC(73)   Evacuate Collection Set: 0.3ms
[2026-05-17T22:31:20.686+0800][gc,phases     ] GC(73)   Post Evacuate Collection Set: 0.2ms
[2026-05-17T22:31:20.686+0800][gc,phases     ] GC(73)   Other: 0.2ms
[2026-05-17T22:31:20.686+0800][gc,heap       ] GC(73) Eden regions: 255->0(255)
[2026-05-17T22:31:20.686+0800][gc,heap       ] GC(73) Survivor regions: 1->1(32)
[2026-05-17T22:31:20.686+0800][gc,heap       ] GC(73) Old regions: 45->45
[2026-05-17T22:31:20.686+0800][gc,heap       ] GC(73) Humongous regions: 4->4
[2026-05-17T22:31:20.686+0800][gc,metaspace  ] GC(73) Metaspace: 83778K(86104K)->83778K(86104K) NonClass: 74562K(75736K)->74562K(75736K) Class: 9215K(10368K)->9215K(10368K)
[2026-05-17T22:31:20.686+0800][gc            ] GC(73) Pause Young (Normal) (G1 Evacuation Pause) 303M->48M(512M) 0.726ms
[2026-05-17T22:31:20.686+0800][gc,cpu        ] GC(73) User=0.00s Sys=0.00s Real=0.00s
[2026-05-18T01:09:01.871+0800][gc,start      ] GC(74) Pause Young (Normal) (G1 Evacuation Pause)
[2026-05-18T01:09:01.871+0800][gc,task       ] GC(74) Using 10 workers of 10 for evacuation
[2026-05-18T01:09:01.872+0800][gc,phases     ] GC(74)   Pre Evacuate Collection Set: 0.0ms
[2026-05-18T01:09:01.872+0800][gc,phases     ] GC(74)   Evacuate Collection Set: 0.4ms
[2026-05-18T01:09:01.872+0800][gc,phases     ] GC(74)   Post Evacuate Collection Set: 0.2ms
[2026-05-18T01:09:01.872+0800][gc,phases     ] GC(74)   Other: 0.1ms
[2026-05-18T01:09:01.872+0800][gc,heap       ] GC(74) Eden regions: 255->0(255)
[2026-05-18T01:09:01.872+0800][gc,heap       ] GC(74) Survivor regions: 1->1(32)
[2026-05-18T01:09:01.872+0800][gc,heap       ] GC(74) Old regions: 45->45
[2026-05-18T01:09:01.872+0800][gc,heap       ] GC(74) Humongous regions: 4->4
[2026-05-18T01:09:01.872+0800][gc,metaspace  ] GC(74) Metaspace: 83796K(86104K)->83796K(86104K) NonClass: 74580K(75736K)->74580K(75736K) Class: 9215K(10368K)->9215K(10368K)
[2026-05-18T01:09:01.872+0800][gc            ] GC(74) Pause Young (Normal) (G1 Evacuation Pause) 303M->48M(512M) 0.746ms
[2026-05-18T01:09:01.872+0800][gc,cpu        ] GC(74) User=0.00s Sys=0.00s Real=0.00s
[2026-05-18T03:50:14.734+0800][gc,start      ] GC(75) Pause Young (Normal) (G1 Evacuation Pause)
[2026-05-18T03:50:14.734+0800][gc,task       ] GC(75) Using 10 workers of 10 for evacuation
[2026-05-18T03:50:14.734+0800][gc,phases     ] GC(75)   Pre Evacuate Collection Set: 0.0ms
[2026-05-18T03:50:14.734+0800][gc,phases     ] GC(75)   Evacuate Collection Set: 0.4ms
[2026-05-18T03:50:14.734+0800][gc,phases     ] GC(75)   Post Evacuate Collection Set: 0.2ms
[2026-05-18T03:50:14.734+0800][gc,phases     ] GC(75)   Other: 0.1ms
[2026-05-18T03:50:14.734+0800][gc,heap       ] GC(75) Eden regions: 255->0(255)
[2026-05-18T03:50:14.734+0800][gc,heap       ] GC(75) Survivor regions: 1->1(32)
[2026-05-18T03:50:14.735+0800][gc,heap       ] GC(75) Old regions: 45->45
[2026-05-18T03:50:14.735+0800][gc,heap       ] GC(75) Humongous regions: 4->4
[2026-05-18T03:50:14.735+0800][gc,metaspace  ] GC(75) Metaspace: 83796K(86104K)->83796K(86104K) NonClass: 74580K(75736K)->74580K(75736K) Class: 9215K(10368K)->9215K(10368K)
[2026-05-18T03:50:14.735+0800][gc            ] GC(75) Pause Young (Normal) (G1 Evacuation Pause) 303M->48M(512M) 0.739ms
[2026-05-18T03:50:14.735+0800][gc,cpu        ] GC(75) User=0.01s Sys=0.00s Real=0.00s
[2026-05-18T06:31:10.590+0800][gc,start      ] GC(76) Pause Young (Normal) (G1 Evacuation Pause)
[2026-05-18T06:31:10.590+0800][gc,task       ] GC(76) Using 10 workers of 10 for evacuation
[2026-05-18T06:31:10.591+0800][gc,phases     ] GC(76)   Pre Evacuate Collection Set: 0.0ms
[2026-05-18T06:31:10.591+0800][gc,phases     ] GC(76)   Evacuate Collection Set: 0.4ms
[2026-05-18T06:31:10.591+0800][gc,phases     ] GC(76)   Post Evacuate Collection Set: 0.2ms
[2026-05-18T06:31:10.591+0800][gc,phases     ] GC(76)   Other: 0.1ms
[2026-05-18T06:31:10.591+0800][gc,heap       ] GC(76) Eden regions: 255->0(255)
[2026-05-18T06:31:10.591+0800][gc,heap       ] GC(76) Survivor regions: 1->1(32)
[2026-05-18T06:31:10.591+0800][gc,heap       ] GC(76) Old regions: 45->45
[2026-05-18T06:31:10.591+0800][gc,heap       ] GC(76) Humongous regions: 4->4
[2026-05-18T06:31:10.591+0800][gc,metaspace  ] GC(76) Metaspace: 83796K(86104K)->83796K(86104K) NonClass: 74580K(75736K)->74580K(75736K) Class: 9215K(10368K)->9215K(10368K)
[2026-05-18T06:31:10.591+0800][gc            ] GC(76) Pause Young (Normal) (G1 Evacuation Pause) 303M->48M(512M) 0.748ms
[2026-05-18T06:31:10.591+0800][gc,cpu        ] GC(76) User=0.01s Sys=0.00s Real=0.00s
[2026-05-18T09:12:40.937+0800][gc,start      ] GC(77) Pause Young (Normal) (G1 Evacuation Pause)
[2026-05-18T09:12:40.937+0800][gc,task       ] GC(77) Using 10 workers of 10 for evacuation
[2026-05-18T09:12:40.938+0800][gc,phases     ] GC(77)   Pre Evacuate Collection Set: 0.0ms
[2026-05-18T09:12:40.938+0800][gc,phases     ] GC(77)   Evacuate Collection Set: 0.6ms
[2026-05-18T09:12:40.938+0800][gc,phases     ] GC(77)   Post Evacuate Collection Set: 0.1ms
[2026-05-18T09:12:40.938+0800][gc,phases     ] GC(77)   Other: 0.1ms
[2026-05-18T09:12:40.938+0800][gc,heap       ] GC(77) Eden regions: 255->0(255)
[2026-05-18T09:12:40.938+0800][gc,heap       ] GC(77) Survivor regions: 1->1(32)
[2026-05-18T09:12:40.938+0800][gc,heap       ] GC(77) Old regions: 45->45
[2026-05-18T09:12:40.938+0800][gc,heap       ] GC(77) Humongous regions: 4->4
[2026-05-18T09:12:40.938+0800][gc,metaspace  ] GC(77) Metaspace: 83800K(86104K)->83800K(86104K) NonClass: 74585K(75736K)->74585K(75736K) Class: 9215K(10368K)->9215K(10368K)
[2026-05-18T09:12:40.938+0800][gc            ] GC(77) Pause Young (Normal) (G1 Evacuation Pause) 303M->48M(512M) 0.968ms
[2026-05-18T09:12:40.938+0800][gc,cpu        ] GC(77) User=0.00s Sys=0.00s Real=0.01s
[2026-05-18T11:54:18.702+0800][gc,start      ] GC(78) Pause Young (Normal) (G1 Evacuation Pause)
[2026-05-18T11:54:18.702+0800][gc,task       ] GC(78) Using 10 workers of 10 for evacuation
[2026-05-18T11:54:18.703+0800][gc,phases     ] GC(78)   Pre Evacuate Collection Set: 0.0ms
[2026-05-18T11:54:18.703+0800][gc,phases     ] GC(78)   Evacuate Collection Set: 0.4ms
[2026-05-18T11:54:18.703+0800][gc,phases     ] GC(78)   Post Evacuate Collection Set: 0.2ms
[2026-05-18T11:54:18.703+0800][gc,phases     ] GC(78)   Other: 0.1ms
[2026-05-18T11:54:18.703+0800][gc,heap       ] GC(78) Eden regions: 255->0(255)
[2026-05-18T11:54:18.703+0800][gc,heap       ] GC(78) Survivor regions: 1->1(32)
[2026-05-18T11:54:18.703+0800][gc,heap       ] GC(78) Old regions: 45->45
[2026-05-18T11:54:18.703+0800][gc,heap       ] GC(78) Humongous regions: 4->4
[2026-05-18T11:54:18.703+0800][gc,metaspace  ] GC(78) Metaspace: 83800K(86104K)->83800K(86104K) NonClass: 74585K(75736K)->74585K(75736K) Class: 9215K(10368K)->9215K(10368K)
[2026-05-18T11:54:18.703+0800][gc            ] GC(78) Pause Young (Normal) (G1 Evacuation Pause) 303M->48M(512M) 0.714ms
[2026-05-18T11:54:18.703+0800][gc,cpu        ] GC(78) User=0.01s Sys=0.00s Real=0.00s
[2026-05-18T14:35:24.152+0800][gc,start      ] GC(79) Pause Young (Normal) (G1 Evacuation Pause)
[2026-05-18T14:35:24.152+0800][gc,task       ] GC(79) Using 10 workers of 10 for evacuation
[2026-05-18T14:35:24.153+0800][gc,phases     ] GC(79)   Pre Evacuate Collection Set: 0.0ms
[2026-05-18T14:35:24.153+0800][gc,phases     ] GC(79)   Evacuate Collection Set: 0.4ms
[2026-05-18T14:35:24.153+0800][gc,phases     ] GC(79)   Post Evacuate Collection Set: 0.2ms
[2026-05-18T14:35:24.153+0800][gc,phases     ] GC(79)   Other: 0.1ms
[2026-05-18T14:35:24.153+0800][gc,heap       ] GC(79) Eden regions: 255->0(255)
[2026-05-18T14:35:24.153+0800][gc,heap       ] GC(79) Survivor regions: 1->1(32)
[2026-05-18T14:35:24.153+0800][gc,heap       ] GC(79) Old regions: 45->45
[2026-05-18T14:35:24.153+0800][gc,heap       ] GC(79) Humongous regions: 4->4
[2026-05-18T14:35:24.153+0800][gc,metaspace  ] GC(79) Metaspace: 83800K(86104K)->83800K(86104K) NonClass: 74585K(75736K)->74585K(75736K) Class: 9215K(10368K)->9215K(10368K)
[2026-05-18T14:35:24.153+0800][gc            ] GC(79) Pause Young (Normal) (G1 Evacuation Pause) 303M->48M(512M) 0.702ms
[2026-05-18T14:35:24.153+0800][gc,cpu        ] GC(79) User=0.00s Sys=0.00s Real=0.00s
